,Price,Title,Date
1,$28900,2014 *Porsche* *Cayenne* *Base Trim* Carrara White M,May-06
2,$19900,2018 Dodge Grand Caravan Passenger GT Minivan 4D mini-van Gray -,May-06
3,$18900,2016 Chevy Chevrolet Volt Premier Sedan 4D sedan BLACK - FINANCE,May-06
4,$12500,"*2013* *Honda* *Civic* *EX* - $9,495 or $251 per month or $251 /mo - Just In!!!",May-06
5,$8300,2010 TOYOTA CAMRY LE,May-06
6,$9800,1965 Ford falcon squire,May-06
7,$0,2015 Hyundai Sonata 2.4L Sport - A Quality Used Car!,May-06
8,$6800,2010 Mitsubishi Lancer Ralliart,May-06
9,$16999,2018 Mazda Mazda3 Sport,May-06
10,$3200,1987 BMW 528E Manual E28,May-06
11,$26500,2013 Toyota Tacoma Double Cab Pickup 4D 6 ft pickup Gray - FINANCE,May-06
12,$26900,2017 Toyota Tacoma Double Cab SR5 Pickup 4D 5 ft pickup Blue - FINANCE,May-06
13,$38700,2016 Ram Mega Ca Laramie Pickup 4D 6 1/3 ft pickup Red - FINANCE,May-06
14,$10500,bmw m3 2005 6 speed,May-06
15,$15000,2015 Honda Civic EX Coupe 2D coupe Black - FINANCE ONLINE,May-06
16,$30000,2000 Dodge Viper RT/10 (2nd Gen),May-06
17,$1400,For sale2005 Jeep Wrangler Unlimited 4x4 Sport,May-06
18,$30,Hot Wheels (Red Line) Matchbox cars,May-06
19,$0,Old cars and trucks for junk,May-06
20,$7966,2008 Jeep Commander Sport SKU:8C129340 SUV,May-06
21,$27300,2015 Chevy Chevrolet Silverado 1500 Double Cab LT Pickup 4D 6 1/2 ft,May-06
22,$11000,2010 Ford Edge Black,May-06
23,$32994,2016 Lexus RX 350 350,May-06
24,$25000,1976 Porsche 912 factory AC,May-06
25,$3000,2008 Kia Spectra Black,May-06
26,$8900,2017 Hyundai Elantra Silver,May-06
27,$40180,2014 Porsche Cayenne,May-06
28,$45980,2016 Porsche Cayenne,May-06
29,$52120,2016 Porsche Cayenne S E-Hybrid,May-06
30,$29988,2019 Chevrolet Silverado 1500 Legacy LT,May-06
31,$50388,2018 GMC Yukon XL SLT 1500,May-06
32,$18488,2016 Buick Encore Convenience,May-06
33,$48988,2018 Chevrolet Tahoe LT,May-06
34,$41788,2018 Chevrolet Suburban LT 1500,May-06
35,$7000,1983 Toyota Pickup Truck,May-06
36,$25000,1965 Chevy Impala Convertible,May-06
37,$7200,1986 Mustang GT,May-06
38,$24995,2016 Toyota Avalon Hybrid Limited SKU:GU051296 Sedan,May-06
39,$28800,2018 Chevy Chevrolet Colorado Crew Cab LT Pickup 4D 5 ft pickup WHITE,May-06
40,$6800,2009 Mazda B2300 LIKE NEW,May-06
41,$30100,2017 Toyota Tacoma Double Cab TRD Sport Pickup 4D 5 ft pickup White -,May-06
42,$25400,2018 Dodge Challenger T/A Coupe 2D coupe White - FINANCE ONLINE,May-06
43,$1500,2007 ford focus,May-06
44,$7000,Nissan Rogue 2012,May-06
45,$14597,2016 Toyota Corolla LE Plus SKU:GP441049 Sedan,May-06
46,$14500,1960 Buick Elestra Convertible,May-06
47,$8995,2015 Chrysler 200 Limited SKU:FN734243 Sedan,May-06
48,$5500,2006 Nissan Pathfinder,May-06
49,$27400,2018 Chevy Chevrolet Colorado Crew Cab LT Pickup 4D 5 ft pickup Silver,May-06
50,$5495,2013 VW JETTA TDI (DIESEL),May-06
51,$20,iPod2Car Ipod Inferface 4 Asian Cars,May-06
52,$19900,2009 GMC SIERRA 1500 SLE  SUPER CLEAN,May-06
53,$8300,2013 Dodge Dart SXT 1.4 Turbo,May-06
54,$16900,2014 HONDA ACCORD SPORT,May-06
55,$21900,2015 CHEVROLET SILVERADO 1500 LT,May-06
56,$29999,2016 Jaguar XF Sport  LOW MILES! CLEAN TITLE‘Ö,May-06
57,$3500,"2004 Toyota Camry - $3500 (Venice, CA)",May-06
58,$5500,Chevy truck 2005 2500 HD 6.0 gas motor runs excellent low miles,May-06
59,$39000,2013 BMW M6 COUPE,May-06
60,$7800,2011 Toyota Camry SE,May-06
61,$0,"$$ CASH FOR CARS, CASH FOR JUNK CARS, JUNK CAR REMOVAL $$",May-06
62,$0,"$$ CASH FOR CARS, CASH FOR JUNK CARS, JUNK CAR REMOVAL $$",May-06
63,$100,"Cars, Trucks, Boats, RV and Trailers",May-06
64,$13900,2012 Toyota Sienna Sport,May-06
65,$18900,2017 Toyota RAV4 XLE,May-06
66,$14990,2016 Toyota Camry SE Special Edition,May-06
67,$1500,2000 LEXUS RX 350,May-06
68,$100,I buy unwanted cars top money paid$$,May-06
69,$100,We buy unwanted cars top money paid,May-06
70,$6600,CAR FOR SALE,May-06
71,$74900,Food/Lunch Truck Ready to Operate For Sale,May-06
72,$21900,2017 Toyota Prius Prime Advanced,May-06
73,$17900,2018 Toyota Prius Four,May-06
74,$9500,2015 Chrysler Town and Country,May-06
75,$18900,2018 Toyota Prius Two Eco,May-06
76,$4200,2001 Toyota Sequoia,May-06
77,$19000,2016 ECOboost Mustang Convertible,May-06
78,$7500,2010 Honda Civic Coupe LX - Great condition!!,May-06
79,$20500,2018 Toyota Camry XSE,May-06
80,$7900,2012 Scion tC Base,May-06
81,$100,"Buyer for all type like:Cars, Trucks, Boats, RV and Trailers",May-05
82,$12500,Honda Accord,May-05
83,$3750,2006 TOYOTA TUNDRA V6 4.0L 2 DOOR,May-05
84,$3700,Mercedes,May-05
85,$1800,2004 bmw 525i,May-05
86,$5500,**2006 Ford F-150 XL SUPERCAB - W/ WEATHERGUARD LOCKERS**,May-05
87,$8900,2011 Nissan Pathfinder Silver Edition,May-05
88,$13900,2016 Nissan Frontier SV,May-05
89,$3000,"CASCADIA 2015 FOR LEASE, UNDER RVS DISPATCH AND TRAILER, PAY WEEKLY",May-05
90,$13900,2010 Lexus RX 350 Base,May-05
91,$9999,"2006 Porsche Cayenne S, Black Color.",May-05
92,$6999,2013 FIAT 500 WHITE,May-05
93,$7495,2013 Volkswagen Jetta SE. BLUE,May-05
94,$8499,2011 Volkswagen GTI. Manual 6-Speed. BLACK,May-05
95,$6999,2011 Hyundai Genesis 4.6L V8. GRAY,May-05
96,$8990,2011 Infiniti G G37 Limited Edition,May-05
97,$15995,2012 Chevrolet Tahoe LT üòùPOOR CREDIT üòù,May-05
98,$11900,2016 Hyundai Veloster Turbo,May-05
99,$16500,2012 Range Rover Sport,May-05
100,$52499,"2015 Porsche Cayman S - Immaculate, Low Miles, Manual!",May-05
101,$8900,2009 Honda CR-V EX-L,May-05
102,$2500,1999 Nissan Pathfinder Low Mileage Passed Smog Good Tires,May-05
103,$8000,2010 BMW 328i CLEAN TITLE 98000 MIL,May-05
104,$6800,91 Mustang 5.0 only 86k miles on it,May-05
105,$9990,2010 Honda Odyssey EX-L,May-05
106,$7999,2006 Chevy Tahoe w/ lots of extras (LOW MILES),May-05
107,$7490,2012 Honda Accord EX,May-05
108,$7500,2011 Toyota Camry LE,May-05
109,$9700,2008 Lexus GS350,May-05
110,$13990,2013 Honda Pilot EX-L,May-05
111,$6000,2008 Convertible VolksWagen Beetle,May-05
112,$25,Disneyana Disney Cars Retro LA International Raceway Rust-EZE Frame,May-05
113,$2100,Honda accord 1999,May-05
114,$7900,2013 Honda Civic EX,May-05
115,$11900,2015 Honda Civic EX-L,May-05
116,$8950,2006 Toyota Rav4,May-05
117,$38000,!!!RARE FIND 02 MERCEDES BENZ G500!! LOW MILES`,May-05
118,$11700,2015 Honda Accord EX-L V-6,May-05
119,$25,Vinyl Rolls for Decal Stickers Signs Banners Cutter Plotter Cars,May-05
120,$1200,2008 Pontiac G6 GT,May-05
121,$15990,2016 Honda CR-V 2WD 5dr EX,May-05
122,$5000,2008 Nissan Titan lifted,May-05
123,$0,PLASTIDIP/LIQUIDWRAPS ON CARS-----------------------------------------,May-05
124,$0,PLASTIDIP/LIQUIDWRAPS ON CARS-----------------------------------------,May-05
125,$0,PLASTIDIP/LIQUIDWRAPS ON CARS-----------------------------------------,May-05
126,$12900,2016 Honda Accord Sport,May-05
127,$13900,2016 Honda Accord EX-L,May-05
128,$9990,2013 Ford Fusion SE,May-05
129,$4600,2006 Acura MDX Touring,May-05
130,$23500,1969 Bronco,May-05
131,$8000,1976 Cadillac Coupe Deville,May-05
132,$0,Express Junk Cars in san fernando valley,May-05
133,$6900,Isuzu NPR Box Truck - Low Miles,May-05
134,$12500,2009 Pontiac g8 gt,May-05
135,$22990,2010 BMW M3 Base,May-05
136,$6770,2007 Toyota Sienna LE 1 Owner Only 107k Miles,May-05
137,$13900,1994 Mitsubishi 3000GT vr-4,May-05
138,$7575,Nissan Altima 2012,May-05
139,$2800,VW Bug,May-05
140,$4500,Clean Title Acura Rsx TypeS 2002,May-05
141,$7800,Bright Cherry üçí  Kia Sedona-2014 (Only 107 k miles!),May-05
142,$4900,2006 Black Mercedes-Benz c230,May-05
143,$2500,1998 Honda Civic DX,May-05
144,$11000,"**2014 Chevy Volt Premium, Ceramic tint, leather, rear camera, Bose **",May-05
145,$24500,2017 Nissan Maxima SL (Certified-PreOwned),May-05
146,$18200,BMW 645ci,May-05
147,$2500,1999 Ford F-150 Pickup Truck,May-05
148,$700,1998 Toyota Camry,May-05
149,$23000,2004 Mercedes CL55 AMG,May-05
150,$9500,2013 Fiat 500 Abarth Cabrio 500c,May-05
151,$10900,2011 BMW 3 Series 335i,May-05
152,$4500,2010 BMW,May-05
153,$19900,2014 BMW 4 Series 428i SULEV,May-05
154,$4799,Toyota Avalon 2007,May-05
155,$9500,Classic Vintage Car for Sale - 1979 PLYMOUTH DUSTER,May-05
156,$3900,Toyota Yaris 2007,May-05
157,$2400,"2001 BMW 330 ci ,convertable",May-05
158,$2200,2000 Honda Civic,May-05
159,$25000,HUMMER H2 CUSTOM,May-05
160,$6900,BMW 330i,May-05
161,$15250,HONDA CIVIC EX 2016,May-05
162,$15997,ü§†üëâ 2014 GRAND JEEP CHEROKEE LAREDO! GOOD or BAD CREDIT OK,May-05
163,$20900,2015 Bmw 428i Hard top Convertible,May-05
164,$24000,HMMWV HUMMER H1 MILATARY VERSION,May-05
165,$44900,2016 BMW M3 Competition package,May-05
166,$15900,2017 Lincoln Continental in Excellent condition for sale,May-05
167,$1200,Nissan Xterra,May-05
168,$10900,2007 Acura MDX Base,May-05
169,$5000,2006 Honda Ridgeline,May-05
170,$8999,2013 Chevrolet Volt ... 90K Miles ... White ... Immaculate Condition,May-05
171,$2599,2001 HONDA ACCORD EX Perfect-Condition Automatic 180k AC clean-title,May-05
172,$9900,2013 Acura TL Advance Package,May-05
173,$18999,2010 Chevy Tahoe LTZ 4x4,May-05
174,$0,*2011* *Toyota* *Sienna* *LE* - 1st Time Buyer/1er CompradorüÜó,May-05
175,$9588,*2012* *Toyota* *Camry* *XLE* - 1st Time Buyer/1er CompradorüÜó,May-05
176,$2000,2002 Dodge Caravan Sport,May-05
177,$4000,2011,May-05
178,$4000,03 honda element,May-05
179,$999,1998 Mitsubishi Montero Gen 2.5 - Parts Car/AS-IS,May-05
180,$4500,ACURA RSX TYPES 2003,May-05
181,$42000,1936 Ford 4 door Humpback Sedan,May-05
182,$50,14x7 inch steel Chevy rally rim 5 on 4.75 lugs fits GM cars,May-05
183,$2400,2000 vw new beetle,May-05
184,$50,14 inch steel Chevy stock rim 5 on 4.75 lugs fits GM cars,May-05
185,$4800,"2005 Lexus ES330 luxury car, Low miles",May-05
186,$18000,2007 Toyota Tundra Limited,May-05
187,$10898,*2013* *Nissan* *Pathfinder* *S* - 1st Time Buyer/1er CompradorüÜó,May-05
188,$1500,"Great, Reliable, Fresh Car",May-05
189,$6500,2003 Infiniti g35,May-05
190,$15999,2016 Chevy Colorado,May-05
191,$7200,Nissan Rogue,May-05
192,$1500,1999. Infinity I30 Limited,May-05
193,$12500,2009 Chevy Express Extended,May-05
194,$40000,2012 Mercedes CL63 AMG,May-05
195,$1700,2003 BMW 330Ci Coupe 2D,May-05
196,$3295,2013 CHEVY MALIBU LOW PRICE 4 CYLINDER,May-05
197,$5400,2006 Acuru RSX white color no accident smog passed auto transmission,May-05
198,$7500,2012 Dodge Charger,May-05
199,$7500,2004 LEXUS ES330 GOLD HEATED LEATHER 89K NO ACCIDENTS,May-05
200,$3800,1965 chrysler imperial,May-05
201,$3995,2012 Hyundai Sonata Middle level YF HEV Hybrid Public auction&#,May-05
202,$3995,Chevrolet Silverado,May-05
203,$2800,2005 Honda Civic LX 4 Door Automatic,May-05
204,$1900,chevy truck,May-05
205,$3200,ALTIMA Light Tan,May-05
206,$3800,2005 Toyota Matrix XR 4wd,May-05
207,$4000,Toyota Corolla 2003 sport,May-05
208,$6000,1987 ford f150,May-05
209,$1500,2006 Yukon XL,May-05
210,$13400,2018 Honda Civic EX,May-05
211,$1700,Electric Car - Mitsubishi i-Miev,May-05
212,$6500,1998 Dodge Ram 2500,May-05
213,$3450,2003 Toyota Corolla CE Sedan 4D (1.8L I4 EFI),May-05
214,$6300,Toyota camry,May-05
215,$13300,1982 MBZ 350 SL,May-05
216,$1400,2004 Saturn Vue 4 cylinder 5 speed manual,May-05
217,$800,1975 Sierra Classic,May-05
218,$26000,2015 Land Rover Range Rover Evoque - Extended Warranty - 43K Miles,May-05
219,$12700,BMW M3 zcp competition,May-05
220,$8300,2013 Hyundai Elantra GLS,May-05
221,$3900,2005 CHRYSLER 300 TOURING,May-05
222,$26900,1986 Mercedes 560sl Very Low Mile 45K   Gray on Gray,May-05
223,$0,***** New radiators $150 Installed ***** Most 4 Cyl cars,May-05
224,$4900,2015 Kia Optima GL(Middle-low grade) QF F/L Public auction,May-05
225,$5300,2012 Ford Escape XLT for Sale,May-05
226,$5500,"The Perfect Grad Gift! A ""Real Man""  muscle car w/upgr.Sebring exhaust",May-05
227,$27500,2014 LEXUS IS250C CONVERTIBLE,May-05
228,$3800,Toyota Prius,May-05
229,$21999,2016 Audi A3 Convertible 1.8T FWD - Excellent condition!,May-05
230,$9500,2011 BMW 528 i,May-05
231,$6800,2000 Chevy Silverado 1500 Z71,May-05
232,$10498,*2008* *Nissan* *Titan* *SE* - 1st Time Buyer/1er CompradorüÜó,May-05
233,$350,"***2015 LEXUS IS250 car for rent (Uber Select, Lyft Premier)***",May-05
234,$4850,2002 GMC Sonoma SLS Crew Cab 4x4 V6 1 Owner,May-05
235,$2340,2001 BMW 525i (e39) - Must See - Must Have,May-05
236,$11000,2015 Chevrolet Volt,May-05
237,$12500,1995 Mercedes S600,May-05
238,$7995,62475 MILES 2006 LEXUS GS300,May-05
239,$2800,***2004 INFINITI G35***,May-05
240,$2400,2001 Nissan Maxima,May-05
241,$24991,2015 Ford F-150 XLT Pickup 4D 5 1/2 ft,May-05
242,$17491,2013 Toyota Highlander SE Sport Utility 4D,May-05
243,$3800,2003 Lexus GS300,May-05
244,$74999,AUDI R8 V8 QUATTRO R-TRONIC,May-05
245,$700,For Sale By Owner,May-05
246,$20000,"2015 Subaru WRX $20,000 OBO!",May-05
247,$8850,2006 TOYOTA CAMRY XLE 65K MILES 1 OWNER CAR,May-05
248,$5700,2012 VW Jetta for sale,May-05
249,$20,Parting Out 4 Lincolns-(2) Town Cars & (2) Continentals,May-05
250,$0,*2010* *Nissan* *Frontier* *SE* - 1st Time Buyer/1er CompradorüÜó,May-05
251,$7600,Cadillac 1993 Fleetwood Broughman,May-05
252,$7995,2006 LEXUS GS300,May-05
253,$3500,Audi A4 1.8t S-line,May-05
254,$11750,2017 Honda HR-V LX Public auction,May-05
255,$9750,2009 Mercedez Benz E550,May-05
256,$6700,"Mazda Miata **Low Miles, Second Owner***",May-05
257,$7988,*2009* *Nissan* *Altima* *2.5 S* - 1st Time Buyer/1er CompradorüÜó,May-05
258,$10000,Junk cars,May-05
259,$7100,2016 Hyundai Elantra GT Hatchback.,May-05
260,$11500,2007 BMW M5 Clean Title Carfax Included*,May-05
261,$4500,Suzuki Samuri,May-05
262,$17500,Mercedes Benz GLK 350,May-05
263,$10500,2018 Ford F-150 sxt,May-05
264,$22000,1964 Chevy C10,May-05
265,$13500,2015 Maserati ghibli s q4,May-05
266,$13000,2012 BMW 328I,May-05
267,$80,The Classic Cars of the 50's Fifties Wood Shelf Vehicles Display Case,May-05
268,$9900,2018 Honda Accord low miles,May-05
269,$11999,2013 HONDA CR-V LX STOCK #8216 (METRO AUTO LOAN),May-05
270,$6900,2017 Nissan 370z,May-05
271,$0,"2016 BMW X5 sDRIVE35i *0-500 DOWN, BAD CREDIT NO LICENSE MATRICULA*",May-05
272,$9500,2001 Toyota Tacoma pre-runner,May-05
273,$3500,1973 Ford Torino Station Wagon,May-05
274,$9200,2017 Chevy Silverado 1500 single cab low miles,May-05
275,$1500,2005 mazda 3... $1500,May-05
276,$4900,2017 Honda Accord coupe,May-05
277,$1500,2001 Lexus IS300,May-05
278,$3800,2006 Mercedes CLK 350,May-05
279,$5000,Infiniti G35 Coupe,May-05
280,$1000,2002 Mercedes Benz C240,May-05
281,$2000,2006 Mazda6,May-05
282,$5488,2004 Ford Mustang 2dr Cpe Standard,May-05
283,$1488,2000 Buick LeSabre 4dr Sdn LOW MILES - FREE WARRANTY!,May-05
284,$3175,2008 Dodge Caravan/Grand Caravan SXT Public auction,May-05
285,$5600,2004 Mazda 6 Sport,May-05
286,$3695,2001 Toyota Tacoma,May-05
287,$150,14x7 inch steel Chevy rally rims 5 on 4.75 lugs fits GM cars,May-05
288,$5900,chevy bus,May-05
289,$2900,Mazda Protege 5 2003,May-05
290,$19500,2018 Toyota C-HR XLE Premium,May-05
291,$1100,1997 Isuzu Trooper LS 4x4,May-05
292,$6800,2010 INFINITI FX35,May-05
293,$8500,2009 Toyota RAV4 AWD,May-05
294,$8350,2006 Ford E-150 Cargo van,May-05
295,$4400,2007 Hyundai Entourage Limited,May-05
296,$0,2013 Audi Q7 Premium Plus *0 - 500 DOWN BAD CREDIT MATRICULA,May-05
297,$7500,1969 VW Bug - 1914CC,May-05
298,$1532,transmission is perfect 2009 toyota camry,May-05
299,$5000,Honda Odyssey Touring,May-05
300,$2800,2006 BMW X3 3.0i,May-05
301,$5000,Car for sale,May-05
302,$5600,2010 Volkswagen,May-05
303,$8300,2007 Mercedez Benz E350 - Premium Package,May-05
304,$0,"2015 FORD FIESTA ST *0-500 DOWN, BAD CREDIT NO LICENSE MATRICULA*",May-05
305,$3000,1987 Honda Prelude,May-05
306,$2500,Honda Accord 2000,May-05
307,$665,2014 Mercedes-Benz *S* *550*  $665 /mo,May-05
308,$325,2016 BMW *328i* *328 i* *328-i*  $325 /mo,May-05
309,$3995,2012 Hyundai Sonata Middle level YF HEV Hybrid Public auction&#,May-05
310,$4900,2011 Nissan Versa Hatchback Clean Title,May-05
311,$800,1994 BMW 325i,May-05
312,$5900,2013 Ford Focus SE Clean title,May-05
313,$10000,"We buy cars,Vans  or trucks  Any make  and year",May-05
314,$4000,2000 Honda Civic EX Coupe,May-05
315,$17500,2013 Toyota Tundra,May-05
316,$5900,2013 Ford Focus SE Clean title,May-05
317,$13295,2014 White Ford Escape  SE/Ecoboost/Sunroof,May-05
318,$4000,2012 Ford Fiesta 75k miles,May-05
319,$20,Pair of Antique Iron Toy Cars,May-05
320,$10498,*2012* *Honda* *Civic* *EX* - 1st Time Buyer/1er CompradorüÜó,May-05
321,$7200,1997 wrangler  trade for pickup or suv,May-05
322,$0,2018 Chevrolet Cruze LS,May-05
323,$3950,2009 Toyota Camry ACV40L/GSV40L/AHV40L Public auction,May-05
324,$19000,2016 CHEVY COLORADO LT,May-05
325,$27250,2018 Chevrolet Traverse LS,May-05
326,$7900,2014 Nissan Altima,May-05
327,$7850,2009 Toyota Prius Very Good Conditions Runs Great,May-05
328,$33000,2001 Ford E450 4x4 Van - Diesel Ambulance,May-05
329,$19000,2015 GMC CANYON SLT.  FULLY LOADED,May-05
330,$186,2014 Dodge *Grand* *Caravan* *SXT* $186 /mo,May-05
331,$135,Universal Fender Flares 4Pc - fits most cars,May-05
332,$5600,"Honda Civic EX, 4D sedan 2008, clean, Single owner, $5,600",May-05
333,$33000,freightliner water truck,May-05
334,$8900,2010 Buick,May-05
335,$4000,1992 NA Toyota MR2,May-05
336,$15000,2007 Mercedes CLK 35k miles,May-05
337,$999,2001 Chevrolet Malibu 4dr Sdn,May-05
338,$1600,97 ford ranger,May-05
339,$15500,2017 Hyundai Santa Fe Sport 2.4L AWD W/ BACK UP CAMERA / POWER LIFTGATE - FINANC,May-05
340,$100,Three 16x8.5 alloy rims from a corvette. Fits chevy cars.,May-05
341,$18800,2015 Lexus RX350,May-05
342,$800,2001 Honda Accord,May-05
343,$10000,BMW 328i Convertible 2010 Black Navigation Leather Sport,May-05
344,$0,"2015 NISSAN SENTRA S *0-500 DOWN, BAD CREDIT REPO 1ST TIME BUYER",May-05
345,$3500,Toyota solara convertible 2001,May-05
346,$7400,2006 Mercedes Benz E350,May-05
347,$6997,"THE BEST STORE for BAD CREDIT! OVER ""200"" 5 STAR YELP REVIEWS!",May-05
348,$2850,04 AUDI A6S QUATTRO,May-05
349,$12750,2012 Chevy Equinox / Chevrolet / SUV,May-05
350,$0,"2016 Ram Promaster City Tradesman *0-500 DOWN, BAD CREDIT",May-05
351,$6900,2007 Toyota Tacoma SR5 access cab 4cyl 5Speed a/c reliable,May-05
352,$11900,2015 Kia Optima Hybrid‚ÄìNo Accident Excellent Condition‚ÄìDown $2000 only,May-05
353,$9000,2007 MERCEDES ML350 *1 OWNER* FULLY LOADED LOW MILES MINT CONDITION***,May-05
354,$15900,2015 Camry XSE- Excellent conditions like new,May-05
355,$45500,2019 Ford Edge ST,May-05
356,$3950,2006 Scion XB auto 1 owner,May-05
357,$8900,2006 Lexus RX330-No Accident Low Mileage-Excellent conditions like new,May-05
358,$18,FJ40,May-05
359,$21000,2016 Audi A4 (Prestige Package),May-05
360,$1500,2000 Honda Accord EX V6,May-05
361,$35000,2012 Corvette Grand Sport Centennial Edition,May-05
362,$0,"2017 Nissan Altima 2.5SV *0 - 500 DOWN, BAD CREDIT 1ST TIME BUYER",May-05
363,$111,2010 Ducati *848* *Super* *Sport* $111 /mo,May-05
364,$399,2017 GMC *Sierra* *1500* *Regular* *Cab* $399 /mo,May-05
365,$11590,2017 Hyundai Accent SE,May-05
366,$281,2017 Toyota *Corolla* *LE* $251 /mo,May-05
367,$10304,2014 Dodge Journey AVP,May-05
368,$200,"15 in steel chevy rims with caps/rings Monte Carlo, GM cars 5 on 4.75",May-05
369,$4900,2015 Kia Optima GL(Middle-low grade) QF F/L Public auction,May-05
370,$8100,2015 Chrysler 200 Limited Public auction,May-05
371,$9400,2015 Volkswagen Passat,May-05
372,$2300,2004 Ford explorer Eddie Bauer,May-05
373,$62999,2017 BMW M4 Individual Competition Package,May-05
374,$200,"Honda odyssey 16 inch alloy rims with tires, 5 on 4.5 fits many cars",May-05
375,$3300,Mercedes C230 CleanTitle 1ownerJewel Carfax Supercharged LowMiles106K,May-05
376,$4900,2008 Nissan Altima,May-05
377,$0,LOW MILE 2012 NISSAN SENTRA SR*,May-05
378,$10997,BAD CREDIT? DON'T GET STUCK with an AUCTION CAR! CHECK the CARFAX!,May-05
379,$700,Honda Accord Priced to Move!,May-05
380,$15599,2013 Mercedes-Benz C-Class C 350 AMG Sport Package,May-05
381,$1800,86 Cadillac Fleetwood,May-05
382,$1500,"2011 VOLKSWAGEN TIGUAN 'S' , EASY FINANCES ASK FOR RAFAEL",May-05
383,$173399,2016 Porsche 911 GT3 RS,May-05
384,$8977,"2015 Chevrolet Spark LT Plug In, Only 23k Mi, On-Star, HOV Lane!",May-05
385,$16900,2010 Toyota Tundra,May-05
386,$6900,Pick up Chevrolet Silverado,May-05
387,$1500,"2008 BMW 335i, EASY FINANCE CALL RAFAEL (818) 524-9245",May-05
388,$10700,2010 Chevrolet Suburban,May-05
389,$1600,Cadillac STS,May-05
390,$25000,2011 Sport Unlimited Jeep Wrangler Sport Unlimited Jeep Wrangler,May-05
391,$6900,2008 Lexus Es350,May-05
392,$38000,1976 Classic Ford Bronco,May-05
393,$8990,2013 Nissan LEAF SV,May-05
394,$39999,2016 BMW 7-Series 750I,May-05
395,$6600,2008 Reliablee Acura MDX No Problems,May-05
396,$200,y Cash. MÔøΩs. Cash   4junks cars,May-05
397,$0,"Shelby and Corvettes vette muscle cars 1920's luxury coaches wanted,",May-05
398,$0,"2016 NISSAN LEAF S *0-500 DOWN, BAD CREDIT WORKS FOR CASH",May-05
399,$1250,"2012 FORD ESCAPE XLT, EASY FINANCE ASK FOR RAFAEL",May-05
400,$18349,2012 BMW 3-Series 335i,May-05
401,$2000,Hyundai Elantra,May-05
402,$20000,2008 Ford F250 FX4,May-05
403,$300,"***2017 MAZDA 3 car for rent (Uber, Lyft) UNLIMITED MILES***",May-05
404,$15700,2017 CHEVROLET TRAVERSE LT,May-05
405,$19499,2014 Mercedes-Benz GLK-Class 350 4MATIC,May-05
406,$17990,**REFRIGERATED BY THERMO KING**LOW MILES**POWER WINDOWS**REAR CAMERA**,May-05
407,$2500,1998 Honda Civic,May-05
408,$19500,2006 S65 Mercedes-Benz - LOW MILES**  CLEAN CARFAX,May-05
409,$21500,2014 Honda Odyssey EX-L,May-05
410,$250,"chrome classic wheels, 15x7. Chevy S10, GMC sonoma, blazer, GM cars",May-05
411,$8500,BAD CREDIT? DON'T GET STUCK with an AUCTION CAR! CHECK the CARFAX!,May-05
412,$1500,"2011 FORD EDGE SEL, EASY FINANCE ASK FOR RAFAEL (818) 524-9245",May-05
413,$0,We Buy Junk Cars in any year  junk car removal CALL NOW,May-05
414,$14550,2015 Toyota Camry SE,May-05
415,$18998,2017 Kia Sorento LX,May-05
416,$0,2018 *TOYOTA* *TUNDRA* *SR5* LIKE NEW! $0 DOWN! CALL US TODAY!,May-05
417,$175,2016 Nissan *Versa* *SV* $175 /mo,May-05
418,$5755,"2011 Nissan LEAF SL, Navi, Backup Cam, Htd Seats, HOV Lane!",May-05
419,$4900,2011 Nissan Versa Hatchback Clean Title,May-05
420,$0,"2016 HONDA ACCORD SPORT *0-500 DOWN, BAD CREDIT WORKS FOR CASH",May-05
421,$2400,1995 GMC V8 Truck Short Box 4 x 4,May-05
422,$99999,2015 BMW M5 30 Jahre Edition,May-05
423,$27995,2009 S63 MERCEDES-BENZ - LOW MILES! CLEAN CARFAX!,May-05
424,$1500,1998 Honda Accord,May-05
425,$12000,Ford F-250 7.3 diesel,May-05
426,$3850,2006 Honda Pilot LX Public auction,May-05
427,$1000,2001 Chevy Blazer,May-05
428,$69999,1999 Ferrari 360 Modena F1,May-05
429,$12798,*2014* *Honda* *Accord* *EX-L* - 1st Time Buyer/1er CompradorüÜó,May-05
430,$10990,2015 Nissan LEAF SV,May-05
431,$3000,1997 Toyota corolla ce,May-05
432,$40,"one 5 lug 15 inch rim from s10 truck. fits chevy cars, good spare",May-05
433,$3250,2006 Toyota Camry,May-05
434,$3800,2007 Toyota Camry,May-05
435,$0,2012 *TOYOTA* *SIENNA* *SE* $0 DOWN! LOW PAYMENTS! CALL US ‚òéÔ∏è,May-05
436,$21800,2008 Challenger srt8 1st edition  Clean title 51k miles,May-05
437,$10750,1973 MGB GT,May-05
438,$57799,2014 Mercedes-Benz C-Class C 63 AMG 507 Edition,May-05
439,$20900,2015 Acura TLX w/ Tech,May-05
440,$57000,1961 Corvette Roadster w/ hard top,May-05
441,$0,2006 Acura TL 1st Time Buyers/ No Credit No problem!,May-05
442,$1150,98 Honda Civic HX,May-05
443,$3000,87 GMC K20 Sierra 4X4,May-05
444,$53000,2500 Dodge Ram,May-05
445,$39999,2014 Land Rover Range Rover,May-05
446,$15990,**LUXURY SV PACKAGE***REAR CAMERA***DRIVER POWER SEAT***KEYLESS ENTRY*,May-05
447,$281,2017 Toyota *Corolla* *SE* $281 /mo,May-05
448,$245,2011 Lexus *ES* *350*,May-05
449,$34500,2016 CHEVROLET SUBURBAN LTZ 4WD,May-05
450,$3950,2009 Toyota Camry ACV40L/GSV40L/AHV40L Public auction,May-05
451,$18999,2015 Toyota Sienna LE 8-Passenger - FINANCING AVAILABLE!,May-05
452,$1200,Nissan Altima,May-05
453,$0,2010 *LEXUS* *RX* *450H* SPORT *HYBRID* $0 DOWN! CALL US TODAY!üìû,May-05
454,$0,"$$ CASH FOR CARS, CASH FOR JUNK CARS, JUNK CAR REMOVAL $$",May-05
455,$0,"$$ CASH FOR CARS, CASH FOR JUNK CARS, JUNK CAR REMOVAL $$",May-05
456,$250,2010-2012 Toyota Prius for RENT***UBER/LYFT approved***Unlimited miles,May-05
457,$15800,2016 BMW 528 528i  CLEAN TITLE EXCELLENT CONDITION,May-05
458,$28999,2014 BMW X5 xDrive35d,May-05
459,$2,BROCHURES of OLD CARS > 1973-76,May-05
460,$18500,2008 Cadillac Escalade ESV - (LOW MILES),May-05
461,$44999,2015 Land Rover Range Rover Sport Autobiography,May-05
462,$30995,2007 S65 Mercedes-Benz **LOW MILES** 56k Miles,May-05
463,$2000,1979 DATSUN 280ZX PROJECT CAR $2K OBO,May-05
464,$27490,**LOW MILEAGE** NAVIGATION**REAR CAMERA**REAR PARKING SENSORS**POWER W,May-05
465,$14900,Jeep Rubicon Unlimited,May-05
466,$5350,2009 Toyota Prius,May-05
467,$367,2011 Ford *F150* *F 150* *F-150* *Platinum* $359 /mo,May-05
468,$9800,2011 BMW 335I SPORT,May-05
469,$0,2014 Ford Edge SEL,May-05
470,$0,"2016 TOYOTA RAV4 LE *0-500 DOWN, BAD CREDIT NO LICENSE MATRICULA*",May-05
471,$14101,2015 Honda Civic Coupe EX-L  LOW MILES! CLEAN TITLE,May-05
472,$3200,2006 Chrysler Town & Country,May-05
473,$12000,2015 Ford Explorer 4dr 4WD 4dr Sport features a 3.5L V6 ..,May-05
474,$23999,2016 Mercedes-Benz C-Class 300,May-05
475,$4300,2010 Nissan Rogue,May-05
476,$27990,**LOW MILEAGE** NAVIGATION**REAR CAMERA**REAR PARKING SENSORS**POWER W,May-05
477,$8499,2012 FORD FOCUS SE STOCK#8215 (METRO AUTO LOAN),May-05
478,$23999,2016 Mercedes-Benz C-Class 300,May-05
479,$23999,2016 Mercedes-Benz C-Class 300,May-05
480,$9000,2013 Nissan Pathfinder SV,May-05
481,$7850,2016 scion IM,May-05
482,$2300,2000 Honda Civic,May-05
483,$4000,Strong charger for sale,May-05
484,$5600,2012 Ford Focus SE Hatchback,May-05
485,$14990,**4 CYLENDER 2.5L ENGINE**SV PACKAGE**KEYLESS ENTERY**KEYLESS START**B,May-05
486,$9000,Nissan rouge,May-05
487,$28999,2016 BMW 5-Series 535i M Sport,May-05
488,$0,"2016 TOYOTA RAV4 LE *0-500 DOWN, BAD CREDIT NO LICENSE MATRICULA*",May-05
489,$19500,1963 Chevy Nova II Convertible,May-05
490,$4500,2001 Ford F-250 Lift Gate Must See,May-05
491,$65599,2018 BMW M3 Individual,May-05
492,$6900,"2007 Toyota Prius Touring, Clean Carfax History, Well Kept",May-05
493,$4350,* 2009 Mazda 3 Automatic,May-05
494,$3850,2004 MINI Cooper Public auction,May-05
495,$3950,2004 FORD RANGER XLT SUPERCAB,May-05
496,$7995,1990 MERCEDES - BENZ 420 SEL ~ 1 OWNER ~ 107K MLS ~ CARFAX CERTIFIED ~,May-05
497,$3900,2009 Volkswagen Jetta Clean title,May-05
498,$0,2016 *CHEVROLET* *TRAVERSE* *LT* $0 DOWN! LOW PAYMENTS! CALL US!üìû,May-05
499,$3000,2002 Acura MDX $3000 OBO,May-05
500,$11900,Range Rover luxury Sport HSE 2009,May-05
501,$15990,**EXTENDED CAB**AUTOMATIC**4 CYL 2.5 LITER**REAR CAMERA**CLEAN CARFAX*,May-05
502,$0,2013 Audi Q7 Premium Plus *0 - 500 DOWN BAD CREDIT MATRICULA,May-05
503,$48500,2016 BMW M4,May-05
504,$7450,BMW 525i LOWMILEAGE(79000)2006,May-05
505,$4400,2006 Volkswagen Touareg  Clean title,May-05
506,$1850,2006 Chevy Malibu Maxx,May-05
507,$8900,2013 Honda Accord like new,May-05
508,$12000,2016 Silver Metallic Honda Accord LX ...,May-05
509,$6500,Nissian Frontier XE 2004,May-05
510,$3495,*Need Gone ASAP* Stealth Camper Van to Save on Rent!,May-05
511,$19900,"2011 GMC Sierra SLE 1500, Crew-Cab, 77k miles, Clean Carfax",May-05
512,$175,2013 Ford *Transit* *Connect* *Van* *XL* $175 /mo,May-05
513,$0,2012 *CHEVROLET* *SILVERADO* *LT* 1500 $0 DOWN! LOW RATES! CALL US!üìû,May-05
514,$266,2015 Scion *tC* *Release* *Series* $245 /mo,May-05
515,$279,2017 Nissan *Altima* *2.5* *S* $279 /mo,May-05
516,$0,sell my car/junk my car/we buy cars,May-05
517,$16500,2015 Toyota Camry,May-05
518,$24995,*2018* *Chevrolet* *Colorado* *2WD LT*,May-05
519,$14395,*2014* *Kia* *Optima Hybrid* *EX*,May-05
520,$3975,2007 BMW 525i 5 - Series Public auction,May-05
521,$5900,2011 Dodge Nitro Clean Title Good Conditions,May-05
522,$2000,1995 Toyota Camry,May-05
523,$0,sell my car/junk my car/we buy cars,May-05
524,$0,/junk a car/we buy junk cars/junk car removal,May-05
525,$5775,2008 Jeep liberty sport 4WD !!All credits welcome!! 818-268-3009,May-05
526,$2000,2005 FORD F150 Very Low Mileage F-150,May-05
527,$1950,2003 Mercedes-Benz CLK 320 convertible 160k miles Second owner vehicle NEED TO S,May-05
528,$10000,2016 Toyota Camry LE Midnight Black Metallic 2.5L,May-05
529,$8000,2012 Fiat 500 Abarth 1.4L Turbo 5sp Manual,May-05
530,$6200,2002 TOYOTA SEQUOIA 4X4 Beautiful COLOR! CLEAN TITLE!7 PASSENGER!!,May-05
531,$5995,Volkswagen Jetta,May-05
532,$8000,For Sale - 2001 Ford F150,May-05
533,$4400,2013 Hyundai Accent 4cyd  Clean tittle,May-05
534,$0,"2015 FORD FIESTA ST *0-500 DOWN, BAD CREDIT NO LICENSE MATRICULA*",May-05
535,$17995,"2008 Jeep Wrangler Unlimited Sahara - 1 Owner, Low Miles, Roof Rack",May-05
536,$10,Rain boots kids 10 Cars,May-05
537,$8,cars play mat,May-05
538,$0,sell my car/junk my car/we buy cars,May-05
539,$0,*2007* *Ford* *F-150* *XLT* - 1st Time Buyer/1er CompradorüÜó,May-05
540,$15500,2012 PORSCHE CAYENNE S FOR SALE,May-05
541,$4900,2006 Honda Accord ex Clean Title Fully loaded,May-05
542,$7900,"2013 VW Jetta SE Sedan, 71k miles, Clean Carfax Report, Well Kept",May-05
543,$0,"2016 NISSAN LEAF S *0-500 DOWN, BAD CREDIT WORKS FOR CASH",May-05
544,$0,2009 Audi A4 2.0T Prem 1st Time Buyers/ No Credit No problem!,May-05
545,$10500,2014 Mini Cooper Hardtop with Panoramic Sunroof (Pepper White),May-05
546,$1600,"Daytime-Running Lights,Jeep Cherokee HID Headlamps",May-05
547,$22500,2017 Ford Escape Titanium AWD ECOBOOST w/Nav/Pano Sunroof - FINANCING AVAILABLE!,May-05
548,$5850,2012 Ford Mustang V6 Convertible Public auction,May-05
549,$60000,2008 Cadillac Escalade limousine CEO limo executive mobile office,May-05
550,$1800,1998 Toyota Corolla LE (good condition),May-05
551,$13999,2016 HONDA CIVIC LX STOCK #8214 (METRO AUTO LOAN),May-05
552,$700,2001 honda civic (not running),May-05
553,$13400,2013 chevy Camaro,May-05
554,$3100,1996 VW Golf GL MK III,May-05
555,$29900,2006 Bentley continental CLEAN TITTLE¬†,May-05
556,$143,2013 Ford *Focus* *SE* $143 /mo,May-05
557,$0,ALL WAYS TOWING /WE BUY JUNK CARS/CAR REMOVAL,May-05
558,$200,Fast Cash   today...4junks cars,May-05
559,$200,I  Buy  Used  &  Junks Cars,May-05
560,$9995,"2008 INFINITI G35 Sedan Journey- Leather, Low Miles, DVD, Power Seats, MP3",May-05
561,$35500,2018 BMW 530i Sedan *Navi*27k*Warranty*626-964-5111,May-05
562,$28300,2016 Mercedes Benz GLE350 SUV *Navi*41k*Warranty*626-964-5111,May-05
563,$28300,2016 Mercedes Benz GLE350 4MATIC *Navi*41k*Warranty*626-964-5111,May-05
564,$60000,2007 Cadillac Escalade ESV LCW LIMO,May-05
565,$16900,1969 Pontiac Firebird,May-05
566,$6900,2007 Lincoln Navigator Fully loaded Clean Title,May-05
567,$15,Chevron  toy cars,May-05
568,$0,We buy junk cars|Junk car removal | Cash for cars | Junk my car,May-05
569,$9200,"2007 CHEVROLET SILVERADO 2500HD Clean title, beautiful Low miles! 102K",May-05
570,$310,2015 Toyota *Camry* *SE* $310 /mo,May-05
571,$378,2015 Ford *Flex* *SEL* $348 /mo,May-05
572,$10900,"2011 Toyota RAV4 /w 94k miles, Clean Carfax 1-Owner",May-05
573,$350000,"50 YR. COLLECTION ( cars, parts, tools, toys, equiptment)",May-05
574,$1,REMOTE CONTROL CARS GALORE!!!!!,May-05
575,$1,A bunch of 1/32 scale slot cars,May-05
576,$11800,2016 Ford Fusion Se Clean Title,May-05
577,$0,2009 GMC SIERRA,May-05
578,$1,AUTO BODY SHOP,May-05
579,$3000,2009 Chrysler sebring,May-05
580,$8400,2010 FORD F150 silver clean title no issues! Low original miles!!!!,May-05
581,$2500,2004 Mercedes E500,May-05
582,$8400,2012 Ford Mustang 6 speed BEAUTIFUL,May-05
583,$13900,2011 Infiniti QX56 Fully loaded Clean Title,May-05
584,$800,"Rally rims, caps. and whitewall tires from an Impala. Fits chevy cars.",May-05
585,$2700,2001 Toyota Corolla S low miles super clean,May-05
586,$16000,2017 Chevy Silverado,May-05
587,$0,"2009 MERCEDES BENZ ML350 4MATIC *0-500 DOWN, BAD CREDIT WORKS FOR CASH",May-05
588,$4350,2010 Honda Civic LX Public auction,May-05
589,$0,Express Junk Cars in san fernando valley,May-05
590,$0,Cash $$ for you old cars,May-05
591,$16000,2002 MBZ CL600,May-05
592,$1500,ESPACIO PARA AUTO BODY,May-05
593,$0,*2010* *Chevrolet* *Colorado* *LT*-1st Time Buyer/1er CompradorüÜó,May-05
594,$700,Lot of Nitro RC Cars,May-05
595,$29500,1966 CHEVELLE CONVERTIBLE SS 396 TRIBUTE,May-05
596,$175,2016 Nissan *Versa* *SV* $175 /mo,May-05
597,$45988,2019 Cadillac XT5 Luxury,May-05
598,$0,"2015 NISSAN FRONTIER SV CREW CAB *0-500 DOWN, BAD CREDIT NO LICENSE MATRICULA*",May-05
599,$26461,2019 GMC Canyon SLE1,May-05
600,$3,2015 FORD FUSION (PARTES),May-05
601,$10000,"LAND IND.2019,2018,2017,2016,2015,2014,2013,2011,2010,2009,2008,2007,2",May-05
602,$4900,2001 Chevrolet Silverado 1500 Clean Title Rims,May-05
603,$1,1978 Stutz Blackhawk,May-05
604,$3500,2003,May-05
605,$4200,1995 Chevy Silverado 3500 4 Door,May-05
606,$50,#1 HYBRID BATTERY REPAIR,May-05
607,$5400,2008 Audi A4 S Line Fully loaded,May-05
608,$11700,2013 mazda cx-5 sport,May-05
609,$750,2019 Mercedes G Wagon G63 AMG Available For Rent,May-05
610,$10,Disney Pixar CARS Lightning McQueen Sweatpants - Kid size,May-05
611,$44500,65 Cobra Daytona Coupe,May-05
612,$13000,2013 Scion FR-S,May-05
613,$8900,2011 Honda Accord Sport Fully loaded Clean Title,May-05
614,$0,"2016 FORD FUSION SE *0-500 DOWN, BAD CREDIT REPO 1ST TIME BUYER",May-05
615,$7850,2007 Isuzu NPR  box truck Diesel,May-05
616,$37000,2016 Chevrolet SUBURBAN,May-05
617,$2300,3 series bmw,May-05
618,$25,1976-77 Bumper Shims / Spacers (7 of them) - may fit other GM cars too,May-05
619,$4900,2006 Honda Odyssey EX Clean Title Fully loaded,May-05
620,$2000,05 Volkswagen touareg,May-05
621,$9400,Van for sale,May-05
622,$7500,Toyota Tacoma 4x4 2000,May-05
623,$5000,2010 Dodge Charger,May-05
624,$3000,Hyundai Elantra 2007,May-05
625,$5500,79 Chevy Camaro,May-05
626,$9700,*****2014 Honda Civic EX*****,May-05
627,$266,2018 KIA *Forte* *LX* $281 /mo,May-05
628,$458,2017 Chrysler *Pacifica* *TouringL* Touring L Touring-L $458 /mo,May-05
629,$175,2013 Subaru *Legacy* *2.5i* *2.5 i* *2.5-i* *Premium* $156 /mo,May-05
630,$26000,2015 Mercedes Benz CLA250 sports package,May-05
631,$0,"2016 FORD FUSION SE *0-500 DOWN, BAD CREDIT REPO 1ST TIME BUYER",May-05
632,$0,2007 Lexus IS 250 1st Time Buyers/ No Credit No problem!,May-05
633,$4000,2007 Ford F-150,May-05
634,$13900,selling my BMW GT550I CLEAN,May-05
635,$6400,2007 Mercedes benz CLS 5500 Fully Loaded,May-05
636,$14500,"2016 Toyota   RAV4 LE, 4D Sport Utility, 2.5L 4-Cylinder DOHC Dual",May-05
637,$15000,Porsche Cayenne S Sport for Sale,May-05
638,$8500,BAD CREDIT? DON'T GET STUCK with an AUCTION CAR! CHECK the CARFAX!,May-05
639,$5500,2008 Dodge Charger,May-05
640,$6550,2012 Mercedes-Benz C-Class C250 Public auction,May-05
641,$6400,2006 BMW X5 4.4i,May-05
642,$15800,2014 Nissan Maxima 3.5 SV w/Premium Pkg/Nav/Sunroof - FINANCING AVAILABLE!,May-05
643,$0,"2016 FORD FUSION SE *0-500 DOWN, BAD CREDIT REPO 1ST TIME BUYER",May-05
644,$0,***2008 TOYOTA TUNDRA TRD DOBLE CABINA T√çTULO LIMPIo,May-05
645,$0,"2016 TOYOTA RAV4 LE *0-500 DOWN, BAD CREDIT NO LICENSE MATRICULA*",May-05
646,$4900,2008 Suzuki XL-7 3RD Seats Clean Title,May-05
647,$0,"2015 Lexus RX350 *0-500 DOWN, BAD CREDIT WORKS FOR CASH",May-05
648,$0,"2015 NISSAN SENTRA S *0-500 DOWN, BAD CREDIT REPO 1ST TIME BUYER",May-05
649,$0,"2017 Nissan Altima 2.5SV *0 - 500 DOWN, BAD CREDIT 1ST TIME BUYER",May-05
650,$0,2015 BMW X6 M *0-500 DOWN ON APPROVED CREDIT ONLY*,May-05
651,$0,"2016 TOYOTA RAV4 LE *0-500 DOWN, BAD CREDIT NO LICENSE MATRICULA*",May-05
652,$0,"2015 KIA OPTIMA SXL TURBO *0-500 DOWN, BAD CREDIT CHARGE OFF BK*",May-05
653,$0,"2015 BMW X1 sDRIVE28i *0-500 DOWN, BAD CREDIT CHARGE OFF BK*",May-05
654,$0,"2011 Honda Odyssey EX-L *0-500 DOWN, BAD CREDIT REPO 1ST TIME BUYER",May-05
655,$0,"2016 FIAT 500e *0-500 DOWN, BAD CREDIT CHARGE OFF BK*",May-05
656,$0,2015 BMW X6 M *0-500 DOWN ON APPROVED CREDIT ONLY*,May-05
657,$0,"2016 BMW X5 sDRIVE35i *0-500 DOWN, BAD CREDIT NO LICENSE MATRICULA*",May-05
658,$0,"2016 BMW X5 sDRIVE35i *0-500 DOWN, BAD CREDIT NO LICENSE MATRICULA*",May-05
659,$0,2015 BMW X6 M *0-500 DOWN ON APPROVED CREDIT ONLY*,May-05
660,$0,"2015 BMW i3 MEGA *0-500 DOWN, BAD CREDIT CHARGE OFF BK*",May-05
661,$0,"2017 TOYOTA CAMRY XLE *0-500 DOWN, BAD CREDIT CHARGE OFF BK*",May-05
662,$2500,TOYOTA COROLLA,May-05
663,$0,"2014 CHEVY VOLT PREMIUM *0-500 DOWN, BAD CREDIT REPO 1ST TIME BUYER",May-05
664,$10900,2011 Subaru Tribeca low mile,May-05
665,$0,"2016 BMW X5 xDRIVE35i *0-500 DOWN, BAD CREDIT NO LICENSE MATRICULA*",May-05
666,$0,"2014 MINI COOPER S COUNTRYMAN *0-500 DOWN, BAD CREDIT WORKS FOR CASH",May-05
667,$0,"2009 MERCEDES BENZ ML350 4MATIC *0-500 DOWN, BAD CREDIT WORKS FOR CASH",May-05
668,$0,"2013 INFINITI M35H *0-500 DOWN, BAD CREDIT WORKS FOR CASH",May-05
669,$0,"2011 Honda Odyssey EX-L *0-500 DOWN, BAD CREDIT REPO 1ST TIME BUYER",May-05
670,$0,2012 Dodge Ram 1500 Quad Cab SLT *0 - 500 DOWN REPO MATRICULA,May-05
671,$1300,"2019 LAMBORGHINI URUS AVAILABLE FOR RENT $1,300/DAY!!!!",May-05
672,$3400,2001 Dodge Dakota Sport Clean Title,May-05
673,$1600,1999 Chrysler Town & Country LXi Minivan - $1600,May-05
674,$10988,*2005* *Chevrolet* *Silverado* *LT* - 1st Time Buyer/1er CompradorüÜó,May-05
675,$1700,"2002 Kia Sedona LX Mini-Van 156,000 miles",May-05
676,$2000,1999 Honda CR-V,May-05
677,$9800,2012 Toyota Tacoma,May-05
678,$11200,2013 AUDI A4 PREMIUM + LIGHTING/CONV PKGS ONE OWNER CLEAN TITLE,May-05
679,$319,2014 Lexus *IS* *250*  $335 /mo,May-05
680,$23501,2015 Lexus GS 350 F SPORT PKG  LOW MILES! CLEAN TITLE,May-05
681,$8900,2008 GMC Yukon XL Denali Clean Title,May-05
682,$14995,2012 Dodge Durango 2WD 4dr Crew 7 seats suv,May-05
683,$2799,2004 Infiniti G35,May-05
684,$8900,2007 BMW X5 AWD 4dr 4.8i,May-05
685,$0,2017 Toyota Corolla LE,May-05
686,$5000,Beautiful Volvo XC 90 AWD,May-05
687,$1800,1993 Chevrolet Silverado,May-05
688,$11500,2014 Chevy Malibu Eco Sedan,May-05
689,$1950,Volvo S40,May-05
690,$7999,2012 FORD FOCUS SE STOCK#8212 (METRO AUTO LOAN),May-05
691,$0,Moving Sale! Trailers! Cars! Dirt bikes! 2 motors!,May-05
692,$35,"Brand New Dump Truck, Matchbox Cars, Mini Sports Ball Set",May-05
693,$7000,2010 Ford Escape 4D Sport Utility Limited,May-05
694,$700,2019 Aston Martin Vantage Available For Rent $700/DAY!!!!!!,May-05
695,$0,"2016 NISSAN LEAF S *0-500 DOWN, BAD CREDIT WORKS FOR CASH",May-05
696,$1950,2010 Volkswagen Jetta,May-05
697,$4400,2005 Lexus IS 300 clean Tittle,May-05
698,$1500,Infiniti I30,May-05
699,$3399,2018 Mercedes-Benz *AMG* *GT* *GTR* AMG GT GTR GT R AMG GT GTR GT-R ** *R* *$189,May-05
700,$4500,2008 VW Beetle *under 100k*,May-05
701,$10950,"2005 Nissan Frontier 4x4, 6C, 4L, 108K",May-05
702,$11400,TOYOTA CAMRY 2017,May-05
703,$35,"Brand New Dump Truck, Matchbox Cars, Mini Sports Ball Set",May-05
704,$20000,Jaguar Convertible for Sale,May-05
705,$281,2017 Toyota *Corolla* *LE* $251 /mo,May-05
706,$6400,2006 Chevrolet Avalanche clean Tittle,May-05
707,$5400,2012 Nissan versa sl,May-05
708,$35000,SEMI TRUCK  WITH TRAILER,May-05
709,$12,1971 VW Super Beetle Convertible,May-05
710,$19696,2018 Tiguan S for sale,May-05
711,$10,CARS 12V AC to DC Converter Module  for lighting,May-05
712,$0,We buy junk Cars  running or not,May-05
713,$600,2019 AMG GT ROADSTER AVAILABLE FOR RENT $600/DAY!!!!,May-05
714,$22000,Sale,May-05
715,$0,"2011 INFINITI G37 JOUNEY *0-500 DOWN, BAD CREDIT WORKS FOR CASH",May-05
716,$18500,2015 GMC SIERRA 1500 REGULAR CAB 8 FOOT BED PICKUP,May-05
717,$47489,2018 FORD EXPEDITION MAX XLT SUV,May-05
718,$11995,"2004 Ford F-150 F150 F 150 XLT 4X4, Low Miles, Leather, Sun Roof, Backup Cam",May-05
719,$18000,ENCLOSED CAR HAULER FOR 6 CARS,May-05
720,$218,2016 Ram *ProMaster* *City* *Cargo* *Van* *Tradesman* $221 /mo,May-05
721,$32288,2018 FORD EXPLORER LIMITED SUV,May-05
722,$5900,2006 Subaru outback 3.0,May-05
723,$4500,GMC 1978 High Sierra 1500 1 ton,May-05
724,$1600,"Selling my 2007 Honda Pilot. It is a 1 owner,adult owned vehicle",May-05
725,$1700,* * 2000 HONDA Accord LX * * (CASH DEAL),May-05
726,$0,*2011* *Acura* *TL* *Base* - 1st Time Buyer/1er CompradorüÜó,May-05
727,$2200,1998 Red Cadillac DeVille,May-05
728,$8800,2005 Toyota Tundra,May-05
729,$8950,2015 Honda Civic LX Public auction,May-05
730,$19995,2015 ACURA TLX 3.5L ONLY $2000 DOWN  DRIVE BAD CREDIT NO CREDIT OKEY,May-05
731,$9995,2006 GMC Savana Passengerüí≤BEST PRICESüí≤BEST DEALS,May-05
732,$2000,2014 LEXUS IS 250 ONLY $2000 DOWN DRIVE BAD CREDIT NO CREDIT OK,May-05
733,$7500,2010 Toyota rav4,May-05
734,$11499,2014 Ford Econoline E350 XLT Super Duty 12 Passenger van,May-05
735,$4500,2008 Toyota prius,May-05
736,$1300,Mclaren 570S Available For Rent $1300/Day!!!,May-05
737,$2000,2016 INFINITI Q50 2.0T ONLY $2000 DOWN DRIVE BAD CREDIT NO CREDIT OK,May-05
738,$7200,2011 CHEVROLET EQUINOX LOW MILES,May-05
739,$0,we buy junk cars,May-05
740,$15,"Classic SPORTS CARS, a book",May-05
741,$0,"2015 BMW X4 xDRIVE28i *0-500 DOWN, BAD CREDIT WORKS FOR CASH",May-05
742,$3000,2012 RAM OUTDOORSMAN 4X4 2500 SUPER DUTY LONG BED ONLY $3000 DOWN OK,May-05
743,$0,2011 Dodge Charger RT 1st Time Buyers/ No Credit No problem!,May-05
744,$4600,2005 tahoe Z71 4x4,May-05
745,$2200,2019 ROLLS ROYCE CULLINAN AVAILABLE FOR RENT,May-05
746,$8995,"2010 Toyota Corolla S- CARFAX 2 Owners, 4 cyls",May-05
747,$14995,2004 Toyota Land Cruiser,May-05
748,$15,"Classic SPORTS CARS,  a book",May-05
749,$2600,2003 Ford Expedition XLT Run FLAWLESSLY!!!!Passed smog 5.2 19,May-05
750,$7000,Subaru baja,May-05
751,$29688,2018 FORD EXPLORER LIMITED SUV,May-05
752,$1200,Rolls Royce Ghost Available For aren‚Äôt $1200/Day!!,May-05
753,$9500,üòäüëç GORGEOUS LEXUS RX 330 PREMIUM! #1 STORE 4 BAD CREDIT!,May-05
754,$8997,ü§†üëâ BEST DEALS for BAD CREDIT! 2013 Chevrolet Captive Sport LT,May-05
755,$850,2019 Bentley Bentayga Available For Rent !!!,May-05
756,$22995,2014 Mercedes Benz E350,May-05
757,$15907,2016 Tiguan R Line for sale,May-05
758,$3400,Toyota 4Runner  2000,May-05
759,$5900,"2008 Ford f250, 1 Owner,                                         f-250",May-05
760,$3250,2003 V W beetle,May-05
761,$10000,1991 Land Cruiser,May-05
762,$13999,2014 HONDA ACCORD LX STOCK #8206 (METRO AUTO LOAN),May-05
763,$23995,2006 Toyota Land Cruiser,May-05
764,$27990,**BLACK ON BLACK**NAVIGATION**FRONT AND REAR PARKING AID**REAR CAMERA*,May-05
765,$0,"2011 INFINITI G37 JOUNEY *0-500 DOWN, BAD CREDIT WORKS FOR CASH",May-05
766,$16900,2016 Cadillac ATS Sedan 2.0L Turbo W/ BACK UP CAMERA / PREMIUM SOUND - FINANCING,May-05
767,$14000,2012 Honda Odyssey EX * In-House Financing!,May-05
768,$300,Motorhome,May-05
769,$4700,"2009 Hyundai, Perfect Car",May-05
770,$9999,"2004 Lexus LS 430!  Clean Title, Hard to Find, 87K Miles",May-05
771,$6999,2013 clean title kia optima,May-05
772,$309,2015 Chevrolet *Colorado* *2WD* *2 WD* *2-WD* *WT* $309 /mo,May-05
773,$4850,"(OBO) 2005 Chevy Equinox - 85,000 Miles",May-05
774,$310,2018 Nissan *Sentra* *SV* $310 /mo,May-05
775,$2300,2005 Saturn Vue 100k Miles,May-05
776,$398,2015 Mercedes-Benz *GLA* *250*  $351 /mo,May-05
777,$6400,2002 Ford E350 XL cargo van 115k miles,May-05
778,$26990,**BLACK ON BLACK**NAVIGATION**FRONT AND REAR PARKING AID**REAR CAMERA*,May-05
779,$3995,2003 BMW X5 4.4,May-05
780,$8400,"2013 Toyota Corolla LE with 90k miles, Clean Title, Well Kept",May-05
781,$0,2018 Hyundai Elantra SEL - Low Rates Available!,May-05
782,$1900,Lovely Nissan Altima for sale,May-05
783,$9000,Mercedez Benz - 380 SL - Price Reduced....Make me an Offer,May-05
784,$0,"2012 HONDA PILOT TOURING *0-500 DOWN, BAD CREDIT NO LICENSE MATRICULA*",May-05
785,$3995,Mercedes 1994 cabrio. e320,May-05
786,$1000,2005 Honda Accord Coupe,May-05
787,$14000,2014 Cadillac ATS 2.5L * In-House Financing!,May-05
788,$12995,2015 BMW 3 Series 328i * CLEAN CARS .. EASY FINANCING! *,May-05
789,$10,"book, AMERICAN CLASSICS 1946-1970, cars",May-05
790,$10,"book, AMERICAN CLASSICS 1946-1970, cars",May-05
791,$12,"kids Race car track+4 cars,Push to go+flag to win,Shape sorter",May-05
792,$3500,Honda Civic Si 02,May-05
793,$1000,Honda Accord (Ready for road),May-05
794,$14912,2016 Golf Sportwagen S for sale,May-05
795,$1,Convertible Toy Cars Wanted *,May-05
796,$100,Vintage Matchbox LESNEY Lot of cars,May-05
797,$8500,2012 Honda EX-L..accepting best offer,May-05
798,$17500,99 F250 Super Duty 4x4,May-05
799,$899,"WHEELS & TIRES ""ALL GM CARS",May-05
800,$0,We buy junk Cars  running or not,May-05
801,$7000,2007 BMW 5 Series 530i * In-House Financing!,May-05
802,$1000,Nissan Maxima (Ready for road),May-05
803,$0,*2007* *Acura* *TL* *Type-S* - 1st Time Buyer/1er CompradorüÜó,May-05
804,$0,2017 Toyota Tacoma SR5,May-05
805,$14998,2016 Kia Optima LX,May-05
806,$245000,$$ we Buy Cars $$ CASH for Cars $$ all types $ any conditionÔøΩ,May-05
807,$9000,BMW Wagon(Sport),May-05
808,$15840,2016 Passat R Line for sale,May-05
809,$0,*2016* *Honda* *CR-V* *Honda  EX-L Backup Camera AutoCheck 1-Owner*,May-05
810,$20000,1988 Mercedes Benz 300E w/AMG,May-05
811,$9995,2014 VW BEETLE 1.8T,May-05
812,$3800,2006 Nissan Altima 1 Owner Low Miles!,May-05
813,$3000,1992 Nissan 240sx,May-05
814,$27000,Custom Built Jeep Wrangler,May-05
815,$3100,2008 Chevrolet Chevy HHR LS 1/2 Ton Public auction,May-05
816,$6700,2008 g37s,May-05
817,$3995,"2005 lincoln town car limo , 140k ,cold ac, new tires, new top w recei",May-05
818,$5900,2012 Mitsubishi Lancer gt sportback evo look,May-05
819,$4500,**Toyota Scion XB 2009 Red Interior Rare**,May-05
820,$2800,Lincoln ls v8 cash or trade,May-05
821,$11000,2010 Mercedes-Benz C-Class C 300 Sport * In-House Financing!,May-05
822,$5,7 hot wheels die cast cars used,May-05
823,$2800,Ford f350,May-05
824,$21099,2015 Cadillac ATS Sedan 2.0L Turbo Luxury,May-05
825,$16888,2017 Nissan Rogue S,May-05
826,$0,We buy junk Cars  running or not,May-05
827,$367,2013 Lexus *GS* *350* *LUX* $367 /mo,May-05
828,$10999,2015 TOYOTA PRIUS TWO STOCK#8180 (METRO AUTO LOAN),May-05
829,$2950,2007 FORD TAURUS SEL,May-05
830,$14800,2014 BMW 328i w Sunroof!,May-05
831,$14500,2016 Ford Fusion Titaniumü§©Great priceüí≤CALL TODAYüí≤Amazing Deal,May-05
832,$15800,2016 Acura ILX Aspec tech Package,May-05
833,$0,"2014 CHEVY VOLT PREMIUM *0-500 DOWN, BAD CREDIT REPO 1ST TIME BUYER",May-05
834,$2995,"1998 toyota 4runner 4 runner 2wd 230k sr5 auto v6 3.3, cold ac ,sunroo",May-05
835,$4500,04 Chevy Colorado,May-05
836,$8400,"2010 Mini Cooper with 47k miles, Very Well Kept, Clean Carfax Report",May-05
837,$8000,2006 Chrysler 300 SRT-8 * In-House Financing!,May-05
838,$7000,Low mileage 2012 Jetta 2.5L SE,May-05
839,$56995,2013 MASERATI GRANTURISMO MC STRADALE  ***CLEAN CARFAX**- 42628,May-05
840,$1450,2004 LINCOLN LS LUXURY,May-05
841,$4900,2004 Infiniti G35  clean Tittle,May-05
842,$8250,Super Clean 2013 Honda Civic - Original Owner- Private Seller,May-05
843,$26388,2018 FORD F-150 PICKUP,May-05
844,$12200,2018 Toyota Corolla,May-05
845,$2250,2006 CHEVROLET SILVERADO 4X4 LONGBED,May-05
846,$48995,2014 MERCEDES-BENZ CLS 63 S AWD **LOW MILES** *CLEAN CARFAX*** -,May-05
847,$1950,2008 HONDA CIVIC HYBRID,May-05
848,$1450,2005 HEEP LIBERTY SPORT,May-05
849,$16500,2015 BMW 328i Sedan RWDü§©Great priceüí≤CALL TODAYüí≤Amazing Deal,May-05
850,$0,"2015 BMW X4 xDRIVE28i *0-500 DOWN, BAD CREDIT WORKS FOR CASH",May-05
851,$4975,2006 Toyota highlander  !!SALE ENDS TODAY!! ERIC 818-268-3009,May-05
852,$7900,2014 TOYOTA COROLLA LE,May-05
853,$24996,2018 BMW 4 Series 430i Convertible Extra Clean Priced To Sell,May-05
854,$2975,2000 Toyota CAMRY LE !!!LOW MILES!!! CALL ERIC 818-268-3009,May-05
855,$2950,2000 BMW 528I ( low miles ),May-05
856,$10900,2016 toyota camry,May-05
857,$1450,2008 HONDA CIVIC HYBRID,May-05
858,$25993,2018 BMW 4 Series 430i Convertible Extra Clean Priced To Sell,May-05
859,$325,2016 BMW *328i* *328 i* *328-i*  $325 /mo,May-05
860,$236,2017 KIA *Forte* *LX* $236 /mo,May-05
861,$12000,2010 Mercedes-Benz GLK GLK 350 * In-House Financing!,May-05
862,$25997,2018 BMW 4 Series 430i Convertible Extra Clean Priced To Sell,May-05
863,$26997,2018 BMW 4 Series 430i Convertible Extra Clean Priced To Sell,May-05
864,$6400,2007 GMC Sierra 1500 clean Tittle,May-05
865,$6900,"SUPER CLEAN ............. BMW ... 528i ............. ONLY 84,000 MILES",May-05
866,$8977,Immaculate 2014 Toyota Yaris for sale,May-05
867,$9750,AMAZING 91 INTERNATIONAL CUSTOM BOX TRUCK & PROPERTY IN NEVADA  NoARB!,May-05
868,$13000,2013 BMW 528i  Excellent Condition,May-05
869,$26188,2018 CHEVROLET COLORADO 2WD LT PICKUP,May-05
870,$2700,1986 Saab 900 Turbo SPG,May-05
871,$27000,2018 Dodhe Challenger,May-05
872,$1350,2000 Ford Escort zx2 coupe,May-05
873,$0,2010 Mazda Mazda3 Mazdaspeed3 Sport 1st Time Buyers/ No Credit No problem!,May-05
874,$37781,2018 Atlas SEL Premium for sale,May-05
875,$0,2019 Dodge Challenger R/T,May-05
876,$5650,BMW X3,May-05
877,$3000,2002 Ford Explorer,May-05
878,$12000,2014 Volkswagen Passat Wolfsburg Edition PZEV * In-House Financing!,May-05
879,$0,*2015* *Ram* *1500* *Ram  Quad Cab Tradesman HEMI Backup Camera*,May-05
880,$28991,2009 Dodge Ram 2500 Laramie Pickup 4D 6 1/4 ft,May-05
881,$24991,2015 Chevrolet Silverado 1500 LT Pickup 4D 6 1/2 ft,May-05
882,$3975,2003 Jeep liberty limited ***For SALE! Must see***,May-05
883,$2795,2001 Honda Accord Sdn VP - APPROVED W/ $1495 DWN *OAC!!,May-05
884,$45000,2017 Jeep Wrangler Unlimited Rubicon,May-05
885,$13995,*2013* *Volkswagen* *GTI* *w/Conv & Sunroof*,May-05
886,$26995,*2018* *Dodge* *Challenger* *SXT Plus*,May-05
887,$5400,2004 Lexus RX350  clean Tittle,May-05
888,$8400,"2010 VW CC Luxury Ed. Sedan /w 79k miles, Very Well Kept, 1-Owner",May-05
889,$398,2016 Dodge *Charger* *R/T* $398 /mo,May-05
890,$89995,*2016* *Mercedes-Benz* *AMG GT* *2dr Cpe*,May-05
891,$4500,Chevy Pick up 1969 C20 clean driver .,May-05
892,$12495,*2015* *Hyundai* *Sonata* *2.4L Sport*,May-05
893,$1875,2012 HYUNDAI VELOSTER **FINANCING AVAILABLE** $1875 DOWN O.A.C.,May-05
894,$7500,2006 Mercedes E350 Wagon,May-05
895,$18995,*2016* *Toyota* *Prius* *Three*,May-05
896,$15995,*2012* *Mercedes-Benz* *ML 350* *SUV*,May-05
897,$12995,*2010* *Ford* *Econoline Cargo Van* *Commercial*,May-05
898,$31995,*2014* *Maserati* *Quattroporte* *S Q4*,May-05
899,$2795,2001 Honda Accord Sdn VP - APPROVED W/ $1495 DWN *OAC!!,May-05
900,$0,*2014* *Land Rover* *LR4* *LUX*,May-05
901,$26995,*2015* *BMW* *M235i* **,May-05
902,$10995,*2012* *Mercedes-Benz* *C 250* *Coupe*,May-05
903,$26995,*2013* *BMW* *650i* **,May-05
904,$72995,*2009* *Porsche* *911* *Turbo*,May-05
905,$11495,*2010* *Toyota* *Prius* *IV*,May-05
906,$24995,*2014* *Maserati* *GHIBLI* **,May-05
907,$24900,2018 colorado zr2,May-05
908,$3300,1974 AMC Matador X,May-05
909,$2000,2002 Lexus ES300,May-05
910,$7495,*2009* *Toyota* *Camry* *SE*,May-05
911,$25495,"2016 428 Sport Sedan wTechnology Pkg and Heads Up MSRP $50,820 Drivers",May-05
912,$26985,2017 BMW x3 for sale,May-05
913,$3975,2002 Honda odyssey EX-L  **CALL US TODAY**,May-05
914,$9000,2011 Ford Edge SE * In-House Financing!,May-05
915,$7995,2008 Honda Odyssey EX-L * CLEAN CARS .. EASY FINANCING! *,May-05
916,$15499,2016 Ford Escape Titanium ~!100% APPROVAL!~,May-05
917,$22499,2008 Ford Super Duty F-250 King Ranch ~!100% APPROVAL!~,May-05
918,$4975,2008 HONDA CIVIC HYBRID **SWEET DEAL** CALL ERIC 818-268-3009,May-05
919,$10999,2010 Lexus IS 250  ~!100% APPROVAL!~,May-05
920,$0,"2014 MINI COOPER S *0-500 DOWN, BAD CREDIT WORKS FOR CASH",May-05
921,$5000,"2012 Nissan Sentra, $5000, clean title, great gas mileage",May-05
922,$8999,2014 Hyundai Sonata GLS ~!100% APPROVAL!~,May-05
923,$9999,2006 Ford Super Duty F-250 XL ~!100% APPROVAL!~,May-05
924,$4975,2006 FORD F150 XL EXT CAB ***SWEET DEAL***,May-05
925,$1500,"2012 HONDA ACCORD LX, $1500 DOWN, FINANCE ANY CREDIT",May-05
926,$10499,2016 Hyundai Elantra SE ~!100% APPROVAL!~,May-05
927,$13299,2011 Jeep Grand Cherokee Limited ~!100% APPROVAL!~,May-05
928,$14499,2013 Ford Expedition EL XLT ~!100% APPROVAL!~,May-05
929,$1500,"2013 EDGE LIMITED, PANORAMIC ROOF, BACK UP CAMERA",May-05
930,$12900,13' Ford Taurus SEL - LOOK!,May-05
931,$13999,2010 Ford F-150 XLT ~!100% APPROVAL!~,May-05
932,$16700,1999 Ford F350 4x4 7.3L Power Stroke Turbo Diesel Crew Cab,May-05
933,$7999,2006 BMW 7 Series  ~!100% APPROVAL!~,May-05
934,$40999,2014 GMC Sierra 3500HD Denali ~!100% APPROVAL!~,May-05
935,$14900,2008 F-350 Lariat 4x4 SuperCrew Longbed SRW,May-05
936,$4250,Hyundai Sonata V6 in Excellent Condition Only 124k Miles,May-05
937,$23888,2016 FORD EXPLORER XLT SUV,May-05
938,$10499,2012 Lexus ES 350  ~!100% APPROVAL!~,May-05
939,$5500,Excellent 2007 Audi A4 Only 69k Miles Clean Title XCLNT,May-05
940,$9226,2011 Mazda RX-8 Sport ~!100% APPROVAL!~,May-05
941,$3975,2008 BMW 335xi 3 - Series Public auction,May-05
942,$0,"2015 BMW X4 xDRIVE28i *0-500 DOWN, BAD CREDIT WORKS FOR CASH",May-05
943,$8999,2006 Ford Super Duty F-250 XL ~!100% APPROVAL!~,May-05
944,$1500,"2014 NISSAN ROGUE, AUTOMATIC, CLEAN TITLE, WE FINANCE, $1500 DOWN",May-05
945,$7599,2012 Hyundai Sonata 2.0T SE ~!100% APPROVAL!~,May-05
946,$900,1995 Honda Accord  Lx,May-05
947,$9299,2014 Dodge Grand Caravan SXT ~!100% APPROVAL!~,May-05
948,$15999,2007 Ford Super Duty F-250 XL ~!100% APPROVAL!~,May-05
949,$5900,Excellent RARE 2006 Audi S4 V8 Cabriolet Convertible Clean AWD,May-05
950,$1000,"2014 NISSAN SENTRA, AUTOMATIC, WE FINANCE FIST TIME BUYERS, BAD CRDIT",May-05
951,$11999,2011 BMW 5 Series  ~!100% APPROVAL!~,May-05
952,$8999,2014 MINI Clubman  ~!100% APPROVAL!~,May-05
953,$14499,2015 Toyota Prius Three ~!100% APPROVAL!~,May-05
954,$1000,"2008 TOYOTA COROLLA,, EVERYONE QUALIFIES, BAD CREDIT OK, 1ST TIME BUYE",May-05
955,$10499,2011 Toyota Sienna  ~!100% APPROVAL!~,May-05
956,$14599,2016 Chrysler Town  Country Touring ~!100% APPROVAL!~,May-05
957,$10000,2015 Dodge Dart SXT * In-House Financing!,May-05
958,$12599,2011 Nissan Armada Platinum ~!100% APPROVAL!~,May-05
959,$7499,2013 Hyundai Elantra GLS PZEV ~!100% APPROVAL!~,May-05
960,$17998,2016 Nissan Frontier SV ~!100% APPROVAL!~,May-05
961,$15900,2017 Subaru Forester Limited,May-05
962,$12526,2016 Toyota Corolla LE Premium ~!100% APPROVAL!~,May-05
963,$9526,2013 Hyundai Sonata Hybrid  ~!100% APPROVAL!~,May-05
964,$15999,2012 BMW 7 Series  ~!100% APPROVAL!~,May-05
965,$3999,2003 Volvo XC90 2.9L Twin Turbo ~!100% APPROVAL!~,May-05
966,$10900,2016 Kia Soul,May-05
967,$10998,2017 Hyundai Elantra GT Base - Financing Available,May-05
968,$12626,2016 Chevrolet Cruze Limited LT ~!100% APPROVAL!~,May-05
969,$6100,2006 Honda Accord,May-05
970,$7999,2014 Ford Focus SE ~!100% APPROVAL!~,May-05
971,$39526,2015 Ford Super Duty F-250 SRW Lariat ~!100% APPROVAL!~,May-05
972,$12826,2017 Ford Fusion Hybrid Hybrid SE ~!100% APPROVAL!~,May-05
973,$1000,"2014 FORD FIESTA. 19K MILES ONLY, WE FINANCE ANYONE, BAD CREDIT OK",May-05
974,$9988,2011 Lincoln MKX  ~!100% APPROVAL!~,May-05
975,$39995,2018 Toyota Sienna XLE Mobility Wheelchair In-Floor Ramp,May-05
976,$16226,2013 BMW X5 xDrive35i Sport Activity xDrive35i Sport Activity ~!100% APPROVA,May-05
977,$13500,Bmw 335i M sport,May-05
978,$26900,2002 Ford F250 7.3L Power Stroke Turbo Diesel 4x4 Super Duty,May-05
979,$9499,2014 Hyundai Veloster  ~!100% APPROVAL!~,May-05
980,$7777,2006 INFINITI G35 Sedan  ~!100% APPROVAL!~,May-05
981,$9998,2009 Mercedes-Benz CLK350 3.5L ~!100% APPROVAL!~,May-05
982,$25,Matchbox Mattel Cars,May-05
983,$8999,2009 Lincoln MKX  ~!100% APPROVAL!~,May-05
984,$11999,2014 Nissan Maxima 35 S ~!100% APPROVAL!~,May-05
985,$6700,2016 KIA FORTE,May-05
986,$14299,2012 Mercedes-Benz E-Class  ~!100% APPROVAL!~,May-05
987,$10599,2016 Kia Forte LX ~!100% APPROVAL!~,May-05
988,$4226,1999 Ford F-150 XLT ~!100% APPROVAL!~,May-05
989,$10999,2015 Hyundai Sonata 2.4L SE ~!100% APPROVAL!~,May-05
990,$7326,2010 Dodge Grand Caravan SE ~!100% APPROVAL!~,May-05
991,$1000,2001 Honda Civic,May-05
992,$8326,2008 Mercedes-Benz E350 Luxury 3.5L ~!100% APPROVAL!~,May-05
993,$7850,2009 Toyota Prius Very Good Conditions Runs Great,May-05
994,$10999,2012 Chrysler 300 Limited ~!100% APPROVAL!~,May-05
995,$5800,1977 Chevy Camaro Type LT,May-05
996,$8999,2014 Ford Escape SE,May-05
997,$26888,2018 FORD MUSTANG COUPE,May-05
998,$10499,2010 GMC Yukon SLT ~!100% APPROVAL!~,May-05
999,$16800,"2012 Audi A5 Premium Plus, Low Miles",May-05
1000,$11599,2007 BMW 6 Series  ~!100% APPROVAL!~,May-05
1001,$1000,"2011 FORD FUSION, RUNS GREAT, $1000 DOWN, BAD CREDIT OK",May-05
1002,$28900,2014 BMW 740i..ULTRA CLEAN,May-05
1003,$0,"2014 MINI COOPER S *0-500 DOWN, BAD CREDIT WORKS FOR CASH",May-05
1004,$3900,2008 Toyota Prius,May-05
1005,$12900,"2012 ACURA TL ADVANCE CLEAN TITLE,CLEAN CAR FAX!!!",May-05
1006,$1000,"2013 HYUNDAI ELANTRA, WE FINAN$1000 DOWN PAYMENT",May-05
1007,$14900,1994 Ford F350 7.3L Turbo Diesel 5-Spd Manual Landcraft / Centurion,May-05
1008,$4699,"2009 Mercury Milan Premier -  Only 96k, $4699 OBO",May-05
1009,$0,2017 Subaru BRZ Premium,May-05
1010,$0,2017 Toyota Corolla L,May-05
1011,$13500,2012 Buick Enclave Leather * In-House Financing!,May-05
1012,$325,2013 Ford *ESeries* *Wagon* E Series Wagon E-Series Wagon *XLT*,May-05
1013,$5999,"CHEAP 2010 TOYOTA PRIUS HYBRID, EASY FINANCE ,ASK FOR RAFAEL",May-05
1014,$16500,"2016 TOYOTA PRIUS 2 ONE OWNER,CLEAN CAR FAX!!!",May-05
1015,$13800,2012 Chrysler 300 Mopar limited Edition,May-05
1016,$20,Cars and car conver,May-05
1017,$0,Cash for cars,May-05
1018,$281,2017 Toyota *Corolla* *SE* $281 /mo,May-05
1019,$255,2011 Ford *Explorer* *XLT* $255 /mo,May-05
1020,$31995,2014 Ford F-150 Ford F150 Super Crew Cab FX4 4X4 Navigation Backup Cam,May-05
1021,$13995,2014 Ford Focus Electric Ford  Hatchback Backup Camera,May-05
1022,$1500,"2011 BMW 328i, EASY FINANCE ASK FOR RAFAEL CALL AT (818) 524-9245",May-05
1023,$22700,2004 Chevrolet Silverado 3500 LLY 6.6L Duramax Turbo Diesel 4x4 SRW,May-05
1024,$13995,2014 Ford Fusion Energi Ford Energi Plug-In Hybrid SE Navigation Backu,May-05
1025,$10500,2012 Chevy Equinox LT,May-05
1026,$1000,"2011 TOYOTA COROLLA LE, 1ST TIME BUYERS, BAD CREDIT OK",May-05
1027,$4700,ONE-OWNER 110K miles 2008 Toyota Corolla LE,May-05
1028,$29995,2014 Jeep Wrangler Unlimited Jeep  4X4 AutoCheck 1-Owner,May-05
1029,$14995,2014 Mazda Mazda3  i Grand Touring Navigation Backup Camera Moonroof,May-05
1030,$0,CaSh for CarS,May-05
1031,$1500,2004 Ford Escape XLT,May-05
1032,$4200,05 Ford F150,May-05
1033,$1000,"2010 HONDA ODYSSEY EX-L, EASY FINANCE,CALL(818) 524-9245 ASK FOR RAFA",May-05
1034,$18500,1966 Ford Mustang,May-05
1035,$0,2018 Kia Optima S,May-05
1036,$21200,2016 Lexus IS 300 AWD 16K MILES - PREMIUM PKG -  LOW M,May-05
1037,$1000,"2012 CHEVY CRUZE, AUTOMATIC, RUNS GREAT, WE FINANCE BAD CREDIT",May-05
1038,$11500,Hyundai Elantra GT Full,May-05
1039,$29900,2004 Dodge Ram 2500 5.9L HO Cummins Turbo Diesel 4X4 Manual 5-Spd,May-05
1040,$6300,2009 Toyota Prius,May-05
1041,$1500,"2012 CHEVY IMPALA LTZ, EASY FINANCE CALL (818) 524-9245 ASK FOR RAFAEL",May-05
1042,$14300,2017 Honda Accord Sport Special Edition,May-05
1043,$7500,2011 Toyota Prius Five * In-House Financing!,May-05
1044,$8900,2008 Nissan Frontier LE,May-05
1045,$8500,GMC sierra grande 15,May-05
1046,$9850,2003 LAND ROVER DISCOVERY SE LOW ORIG MILES 65K,May-05
1047,$3400,"Honda civic 1997  / 89,000 miles only!",May-05
1048,$1300,2000 GXE Nissan Altima,May-05
1049,$1500,1974 1/2 Jensen Healey JH-5,May-05
1050,$2500,"2010 CADILLAC SRX, FULLY LOADED, DVD PLAYER, BACK UP CAMERA, PANORAMIC",May-05
1051,$1000,"2012 CHEVY TRAVERSE LS, AUTOMATIC, 90 DAY WARRANTY, 3RD ROW SEAT",May-05
1052,$24700,1999 Ford F350 7.3L Power Stroke Turbo Diesel 4x4 Super Duty 4WD Laria,May-05
1053,$4900,2007 Ford E350 Starcraft Shuttle Bus 14 Passenger,May-05
1054,$1950,2003 Lexus LS430,May-05
1055,$8500,Excellent 2013 Lincoln MKS Prior Limo Excellent Loaded 90k Miles Clean,May-05
1056,$50000,2013 gmc 2500 Denali Duramax Sema truck,May-05
1057,$10000,2008 BMW X5 3.0si * In-House Financing!,May-05
1058,$12900,2014 MERCEDES C 250 LOW MILES WILL FINANCE 4500 DOWN DRIVES CAR,May-05
1059,$50000,2013 gmc 2500 Denali Duramax Sema truck,May-05
1060,$5500,Excellent Prisitne 2003 Chevrolet Tahoe Only 113k Miles 8-Seater Clean,May-05
1061,$20997,2018 DODGE CHARGER SXT PLUS SEDAN,May-05
1062,$26900,1999 Ford F250 7.3L Power Stroke Turbo Diesel 6-Speed Manual 4x4 Laria,May-05
1063,$9995,2008 Lexus ES 350 - APPROVED W/ $1495 DWN *OAC!!,May-05
1064,$50000,2013 gmc 2500 Denali Duramax Sema truck,May-05
1065,$42500,1939 Chevrolet (Chevy) Slant back Right hand drive,May-05
1066,$4500,Jaguar XJ8 L 1999,May-05
1067,$13995,"2007 Cadillac Escalade AWD- Leather, SunRoof, 3rd Row, Premium Wheels, V8",May-05
1068,$69900,1983 *Porsche* *911* *SC* Red,May-05
1069,$2900,2002 Suzuki XL7 4x4 for sale,May-05
1070,$13500,"2015 Toyota Corolla S Plus. 90k miles. Clean title. $13,500 (Glendale)",May-05
1071,$1800,2008 Chevy Impala LT,May-05
1072,$18892,2016 NISSAN ROGUE S SUV,May-05
1073,$8499,"2010 Toyota Prius w/ Navigation, 1 owner, clean title - 105k Miles",May-05
1074,$0,"2014 MINI COOPER S *0-500 DOWN, BAD CREDIT WORKS FOR CASH",May-05
1075,$11995,"2008 INFINITI G35 Sedan S- Leather, SunRoof, Power Seats, Backup Cam, MP3",May-05
1076,$6550,2009 Toyota Prius clean title carfax camera BT 113k 1 owner history,May-05
1077,$0,"TOP DOLLAR FOR CARS, TRUCKS",May-05
1078,$0,"TOP DOLLAR FOR CARS, TRUCKS",May-05
1079,$0,"TOP DOLLAR FOR CARS, TRUCKS",May-05
1080,$28900,2001 Dodge Ram 2500 5.9L HO Cummins Turbo Diesel 6-Speed Manual 4x4,May-05
