,Name,Email,Artists
1,015 Gallery,015@sama360.com,"Leena Al Ayoobi,Fahad Al Hejailan,OMAR ALKHOUS,Ali Almahmeed,Srour Alwanii,Ahmed Anan,Mazen Andejani,AHMED FELEMBAN,Fahad Khulaif,MODHI MUSLIH,Mohamed Nashaat,Ibrahim Abdullrahman,ROQAYA SAUD"
2,10 Chancery Lane Gallery,info@10chancerylanegallery.com,"Argus Tsz Leong FONG,Au Man Kit,GU BENCHI,Kanlun Cen,Brandon Pak Kin CHAN,Carla Chan,Ceci Wing Sze CHAN,Chan Chor Yu Wayne,Chan Ka Wai, Winnie,Karen Ka Man CHAN,Chan Wang Max,Charlotte Man,Meko Cheng,Ryan CHENG,Cheng Tin Lok Josiah,Chloe Cheuk,Ziki Kit Yin CHEUNG,Chi Qun 迟群,Cindy,Ma Desheng,Dino Rib,Eason Tsang Ka Wai,Eric Tsang,FEI TSE,FRANKIE LEMON LEUNG,Jasper Fung,Jeremy Mang Chung FUNG,Johnny Gin,Karen Ka Lam HAU,Hung Wan Sze,Kate Ip,Isaac Chong Wai,Ivan Chan,Jerry Ng,Jesemy Main-Hsin WANG,Liao Jiaming,Joseph, Leung Mong Sum,Kan Ching Wing Jenny,Kan Kiu Sin,Lui Koon To, Kyle,Lamothy Kwok,Ho LAI,Mandy Lau,Avon Nga Fong LEE,Lily Leung,Li Tak Yung, Doris,Liu Wentao 刘文涛,Lok Man DAAI,Dicky Ma,Dennis Man,Liz Mok,Ray Mok,Li Ning,Pang Onon,Moe Satt,Benny Sin,Ticko,Po Tsang,WaiWai,Wang Guangxu,Wang Hao 王豪,Wang Ruonan,Wang Yiyi,Jiang Weitao,Jacky Wong,Wong Pak Hang,Red Wong,Tiana Wong,Yi Ching WONG,Jiaru WU,Xie Shicong,Yim Kei Tung,Iriz Yuen,Zhang Xuerui 张雪瑞,anothermountainman (Stanley Wong),Konstantin Bessmertny,Bui Cong Khanh,Carol Lee Mei Kuen,Sonia Mehra Chawla,Nov Cheanik,Chan Dany,Maung Day,Atul Dodiya,Zun ei Phyu,Frog King 蛙王,Zhao Gang,Nandan Ghiya,Gonkar Gyatso,Maya Hewitt,Pan Jian,Ren Jing,Prapat Jirawangsan,John Young,Svay Ken,Ko Siu Lan,Sutee Kunavichayanont,Dinh Q. Lê,Lindy Lee,Li Wei 李日韦,Htein Lin,Hung Liu,Ken Matsubara,Meng Jin,Meng Jin and Fang Er,San Minn,Muchen and Shao Yinong,Aung Myat Htay,Aung Myint,Vann Nath,Christine Nguyen,Nguyen Thai Tuan,Nguyen Trinh Thi,Phu Nam Thuc Ha,Tawatchai Puntusawasdi,Vandy Rattana,Rita Lam,RongRong&inri,Huang Rui,Svay Sareth,Leang Seckon,Michael Shaowanasai,Shi Guorui,Shirley Ng,Wang Shugang,Manit Sriwanichpoom,Nawapol Thamrongrattanarit,The Propeller Group,Tuan Andrew Nguyen,Vu Dan Tan,Wah Nu and Tun Win Aung,Wang Keping 王克平,Xiao Lu,Xiao Zheluo 肖喆洛,Cang Xin,Yamaguchi Ai,Douglas Young,Yang Zhichao"
3,100 MEATBALLS × VEL,info@100meatballs.com,"Doug Argue,Sam Gilliam,Red Grooms,Ed Moses,Robert Moskowitz,John Newman,David Rathman,Larry Rivers,Maria Scanlon,Agnes Story,John Walker,Adja Yunkers"
4,Gallery 104,info@gallery104.com,"Umbreen Ahmad,David Aiazzi,Akira,Fahri Aldin,Olivia Alexander,Adrienne Anbinder,Anna Maria Papadimitriou,TAVi Gustavo Arellano,Lawrence Armstrong,Drake Arnold,Yoshi Ban,Harold Barnard,Heidi Barnstorf,Bula Barua,Miri Baruch,Beddru,Ruby Bell,Bennett,Donna Bernstein,Lynn Bevino,Oriane Biangonga,Vian Borchert,Yoav Brener,Bebe Brookman,Kate Browning Word,Rae Broyles,Cecile Brunswick,Jette Bruun,Lori Burke,Daniel Butterworth,Marcus Carlsson,Maria-Victoria Checa,Irina Chelyapov,Caroline Chevillotte,Stalo Christodoulou,Ghani Cobey,David Cohen,Michela Crisostomi,Salvador Dalí,Kevin Daly,Simone Davis,Marita del Carmen Fontana,Mary Rose Deraco,Jane Dickson,Reanna Dipaolo,Jeannie Douglas,dWc,Andrea Ehret,Pau Escat,Jim Farmer,Dorian Feraud,Gustavo Fernandes,Olga Feshina,Brittany Ford,Rachael Freels Dubbert,Lluis Garriga Felip,Bonnie Garvin,Bibby Gignilliat,Siri Gindesgaard,Danny Greene,Tori Gruber,Michael Gutkin,Terry Guyer,Steve Hare,Blakelee Harmon,John Haro,Gro Hernes,Pepe Hidalgo,Barbara Higgins,Victoria Horkan,David Hovan,Clotilde Hulin,Aleksandra Ilic Bjelica,Yoshifumi Ito,Jolanta Johnssons,Graham Jones,Dominika Kaczmarczyk,Anand Kamdar,Beth Kane,Kenan Karakus,Egle Karlonaite,Jill Keller,Kemper,Deana Khoshaba,Michael Kim,Ron Kingsbury,Beklan Kizilcay,Ammon Knight,Joan Kocak,Nikolina Kovalenko,Monika Kovatsch,Ligel Lambert,Jean-Marc Laroque,Ioannis Lassithiotakis,Stefanie Leigh Kirby,Lynn Letourneau,Eva Lewarne,J. Li,Peter Lik,Don Lisy,Guangxin Liu,Cathy locke,Daniel Lumen DL,Stefano Lupicano,Gabby Madden,Itay Magen,Susan Makara,Flavio Man,Amaia Marzabal,Marie Massey,John Mazlish,Carrie Megan,Susan Meier,Stéphanie MENARD,Erlend Mikael Saeverud,Cheri Miller,Jose Moguel,Ines Mora,John Morton Thomas,Cindy Muscarello,Gene Myers,Jora Nelstein,Shuk Orani,Monique Ortiz Monasterio,Daniela Pasqualini,Susannah Paterson,Laura Payen,Kerstin Piallard,Heather Pieters,Agnieszka Pilat,Cael Pipin,Jacek Pokrak,Véronique Porter,Anna Postema,Leandro Puca,Jonathan Quinn,Tim Rael,Caterina Rancho,Abdul Razzak Zaarur,Melissa Renee,Sara Repetto,Gabriele Rofi,Laurie Rubell,Mati Russo,Carla Sá Fernandes,Jérôme Saliou,Joe Sampson,Colleen Sandland,Marian Sava,Tiberio Savonuzzi,Mariangeles Schcolnicov,Sabine Schlindwein,Kameliya Schneider,Kemi Schneider,Anne Schwartz,Irrix Screen,Marika Segal,Polina Shcherbyna,Toni Silber-Delerive,Miriam Smidt,Preston M. Smith,Ruzica Sola,Pamela Squires,Heather Steen,Kristin Sterio,John Stock,Kathryn Stotler,Maham Suhail,Anwar Taimuri,Annette Tan,Maureen Tepedino,Terrence Thompson,Terry Thompson,Job Tibay,Nestor Toro,Shane Townley,Shane Townley,Preston Trombly,Nelina Trubach-Moshnikova,Bess Tsonis,Anna Tsvell,Sinéad Vaughan-Tompson,Bhawana Verma,Stephanie Wade,Katrin Waite,Françoise Wattré,Vicky Watty,Norbert Waysberg,Susan Wechsler,Terrill Welch,Mira White,Maria Wigge,Wilna Wolf,Veronica Wong,Monte Wright,Agent X,Yael Yael,Lvon Yoder,Zacaffeine,Fatima Zafar,Tadas Zaicikas,Adriana Zubikarai,Deborah Argyropoulos"
5,11 [HellHeaven],info@11art.gallery,"Pietro Campagnoli,Bansri Chavda,Marco Guglielmi Reimmortal,Costel Iarca,b.ART (Matteo Bartolomei),ROMANHO,Joey Schmidt-Muller,Sergio Silvestrini,Laura Soprani,Karel Stoop,Theo Van de Goor,Roberta Verteramo,Fiamma Zagara,Ugo Attardi,Renato Barisani,Fortunato Depero,Asger Jorn,Mario Pucciarelli,Antonio Sammartano,Gino Severini,Luigi Spazzapan,Jean-Pierre Vasarely"
6,Gallery 1202,info@gallery1202.com,"Edward Alfano,Helen Bellaver,Jennifer Blalack"
7,Gallery 1261,info@gallery1261.com,"Carolyn Anderson,Juliette Aristides,Casey Baugh,Daniel Bilmes,Maurice Blik,Neilson Carlin,Tony Curanaj,Mark Daily,John DeMartin,Valerio D'Ospina,Kerry Dunn,Teresa Elliott,Zoey Frank,Rose Frantzen,Donato Giancola,Vincent Giarrano,David Gray,Johanna Harmon,Yuriy Ibragimov,Timothy W. Jahn,Jason Walker (b. 1970),Deborah Lloyd,Serge Marshennikov,Juan Martinez,Danny McCaw,Sherrie McGraw,Joseph McGurl,Alyssa Monks,Kevin A. Moore,Renato Muccillo,Heather Neill,Dale O Roberts,Mikael Olson,Derek Penix,George Pratt,Richard Schmid,Duffy Sheridan,David Shevlino,Andrzej Skorut,Jill Soukup,Bill Starke,Adrienne Stein,Mark Tennant,Mandy Theis,Nicolas Uribe,Sadie Valeri,Scott Waddell,Kun Wang,Aaron Westerberg,Kent Williams,Pamela Wilson,Jordan Wolfson,Zhaoming Wu,Anna Wypych,Mia Bergeron,Suchitra Bhosle,Gregory Block,David Michael Bowers,Gordon Brown,Scott Burdick,David Cheifetz,Robin Cole,Dianne L. Massey Dunbar,Hollis Dunlap,Scott Fraser,Greg Gandy,David Grossmann,Ron Hicks,Quang Ho,Daniel Keys,Patrick Kramer,Lu Cong,Susan Lyon,Jeremy Mann,Dan McCaw,John McCaw,C.W. Mundy,Kate Sammons,Daniel Sprick,Ulrich Gleiter,Anthony Waichulis,Kevin Weckbach,Michael Workman,Vincent Xeus,Elizabeth Zanzinger"
8,Gallery 133,info@gallery133.com,"Pietro Adamo,Peter Barelkowski,Mark Brodkin,Garcia De Marina,Deborah Eyde,Mike Hammer,KLAAS HART,Stuart Hartley,Orlin Mantchev,Janet McGreal,Diana Menzies,Adriana Molea,Raluca Pilat,Joe Sampson,Ted Semienchuk,Reinhard Skoracki,BLU SMITH,Pamela Stretton,Ernestine Tahedl"
9,Gallery 1505,gallery1505@gmail.com,"Behnaz Ahmadian,Kathy Marie Anderson,Isaac Mathew Dolores,Brenda Doyle,Victoria Morris Ekelund,Coral Elizabeth Gerbrandt,Melissa Kay Hesse,Corey John Horne,Montgomery Cheyenne Hughes,Cody Kuehl,Bill Meuser,Chris Schranck,Katherine Marie Spahr,Jon Blake Photography,Christopher Clark,Debbie Gold,Jon Tschannen"
10,18 Davies Gallery,gallery@18daviestreet.com,"Torbjørn Afdal,Philippe Anthonioz,Ron Arad,Studio BBPR,Etienne Beöthy,Marta Blommstedt,Marcel Coard,Robert Courtright,Helene de Saint Lager,Paul Dupré-Lafon,Eugène Printz,Paul Evans,Paul Frankl,Bruno Gambone,Harold-Terrance Gibbings-Robsjohn,Poul Henningsen,Marlène Huissoud,Arne Jacobsen,Koike Shôko,Georges Koskas,Jeanette Laverriere,Atelier Madoura,Takesada Matsutani,Ingo Maurer,Julian Mayor,Bruno Moinard,George Nakashima,Maria Pergay,Philip Baldwin and Monica Guggisberg,Jean-Pierre Pincemin,Gio Ponti,Armand-Albert Rateau,Johansson Reiners Erik,Eric Schmitt,Bela Silva,Takis,Luis Tomasello,Osanna Visconti,Jules Wabbes,Hans J. Wegner,Joseph Grahame"
11,1831 Art Gallery  ,hello@1831artgallery.com,"Antoine de Castellane,Laetitia Disone - Lachmann,Aude Herledan,Eleanor Lakelin,Thierry Lancelot,Nadège Mouyssinat,Yveline Tropéa,Yang Wang,Lars Zech"
12,Gallery 1957,victoria@gallery1957.com,"Gideon Appah,Crazinist Artist,Serge Attukwei Clottey,Gerald Chukwuma,Godfried Donkor,Modupeola Fadugba,Phyllis Galembo,Ablade Glover,Paa Joe,Chidi Kwubiri,Raphael Adjetey Mayne,Thameur Mejri,Yaw Owusu,Cameron Platter,Jeremiah Quarshie,Elisabeth Sutherland"
13,1969 Gallery,info@1969gallery.com,"Cristina BanBan,Keiran Brennan Hinton,Coady Brown,Anthony Cudahy,Tom Anholt,Angela Dufresne,Keith Mayerson,Aaron Zulpo"
14,Gallery 19C,eric@gallery19c.com,"Louis Abel-Truchet,Jean Béraud,Giovanni Boldini,Walter Bondy,Léon Bonnat,Eugène Boudin,Charles Édouard Boutibonne,Jules Breton,Gustave Brion,Charles Émile Jacque,Jean-Baptiste-Camille Corot,Gustave Courbet,Federico del Campo,Émile Friant,Jean-Léon Gérôme,Norbert Goeneutte,Émile-Auguste Hublin,Johan Barthold Jongkind,Alphonse Legros,Enrico Lionne,Lord Frederic Leighton,Hugues Merle,Paul Jaques Aimé Baudry,Fernand Pelez,Jean François  Raffaëlli,Théodore Rousseau,Georges Seurat,Henry Somm,Joaquín Sorolla y Bastida,Charles Soulacroix,Hugo Ungewitter,Géza Vastagh,Jehan Georges Vibert,Tony Robert Fleury"
15,Gallery 2 Sun,pbstorm@aol.com,"Souleimane Barry,Casimir Bationo,Eric Jabloner,Harouna Ouedraogo,Willy Ray Parish,George Strasburger,T. Kirby Bloom"
16,203 Fine Art,art@203fineart.com,"Larry Bell,Thomas Benrimo,Dorothy Brett,Lawrence Calcagno,Edward Corbett,Ronald Davis,Elaine de Kooning,Adeine de la Noe,John De Puy,Tom E. Dixon,Morris Graves,Tony Magar,Beatrice Mandelman,Ed Moses,Lee Mullican,Tracy Olson,Bob Parker,Peter Parks,Peter Chinni,Fairfield Porter,Robert Ray,Louis Ribak,Shaun Richel,Hank Saxe,Fritz Scholder,Jan Sessler,Brian Shields,Oli Sihvonen,David Solomon,Hyde Solomon,Earl Stroh,Michio Takayama,Veloy Vigil,America Martin,Eric Andrews,courtney azzara,cliff harmon,Mark C Strong"
